Date (UTC),Timestamp (UTC),Democratic,Donald Trump,Other,state
04-04-2024 00:00,1712188803,0.915,0.085,0.0075,OR
04-11-2024 00:00,1712793603,0.915,0.075,0.0105,OR
04-18-2024 00:00,1713398403,0.915,0.075,0.0105,OR
04-25-2024 00:00,1714003203,0.905,0.075,0.011,OR
05-02-2024 00:00,1714608003,0.905,0.075,0.0115,OR
05-09-2024 00:00,1715212803,0.915,0.065,0.0115,OR
05-16-2024 00:00,1715817604,0.915,0.065,0.0115,OR
05-23-2024 00:00,1716422403,0.925,0.065,0.0105,OR
05-30-2024 00:00,1717027203,0.925,0.065,0.0105,OR
06-06-2024 00:00,1717632003,0.925,0.065,0.0105,OR
06-13-2024 00:00,1718236803,0.925,0.065,0.0105,OR
06-20-2024 00:00,1718841604,0.925,0.065,0.0105,OR
06-27-2024 00:00,1719446402,0.925,0.065,0.0105,OR
07-04-2024 00:00,1720051203,0.915,0.065,0.0085,OR
07-11-2024 00:00,1720656003,0.915,0.075,0.0085,OR
07-18-2024 00:00,1721260802,0.905,0.095,0.0085,OR
07-25-2024 00:00,1721865601,0.915,0.065,0.0085,OR
08-01-2024 00:00,1722470402,0.915,0.07,0.009,OR
08-08-2024 00:00,1723075201,0.95,0.035,0.006,OR
08-15-2024 00:00,1723680002,0.9645,0.032,0.0085,OR
08-22-2024 00:00,1724284802,0.9595,0.0385,0.0035,OR
08-29-2024 00:00,1724889602,0.9625,0.0375,0.003,OR
09-05-2024 00:00,1725494402,0.9625,0.037,0.0025,OR
09-12-2024 00:00,1726099202,0.9665,0.0315,0.003,OR
09-19-2024 00:00,1726704001,0.9675,0.029,0.003,OR
09-26-2024 00:00,1727308802,0.9685,0.0295,0.003,OR
10-03-2024 00:00,1727913602,0.9685,0.0295,0.0035,OR
10-10-2024 00:00,1728518402,0.967,0.028,0.0025,OR
10-17-2024 00:00,1729123202,0.956,0.0315,0.0015,OR
10-24-2024 00:00,1729728003,0.9645,0.0355,0.0015,OR
10-31-2024 00:00,1730332803,0.9665,0.0315,0.003,OR
11-04-2024 06:19,1730701142,0.9775,0.022,0.003,OR
04-04-2024 00:00,1712188803,0.085,0.915,0.006,IN
04-11-2024 00:00,1712793603,0.075,0.915,0.012,IN
04-18-2024 00:00,1713398403,0.075,0.905,0.012,IN
04-25-2024 00:00,1714003203,0.075,0.905,0.012,IN
05-02-2024 00:00,1714608003,0.075,0.905,0.013,IN
05-09-2024 00:00,1715212803,0.065,0.915,0.011,IN
05-16-2024 00:00,1715817604,0.065,0.915,0.0115,IN
05-23-2024 00:00,1716422403,0.065,0.925,0.0135,IN
05-30-2024 00:00,1717027203,0.065,0.925,0.0135,IN
06-06-2024 00:00,1717632003,0.065,0.925,0.0135,IN
06-13-2024 00:00,1718236803,0.065,0.925,0.0135,IN
06-20-2024 00:00,1718841604,0.065,0.925,0.0165,IN
06-27-2024 00:00,1719446402,0.065,0.925,0.0165,IN
07-04-2024 00:00,1720051203,0.0345,0.945,0.008,IN
07-11-2024 00:00,1720656003,0.0345,0.945,0.008,IN
07-18-2024 00:00,1721260802,0.035,0.945,0.008,IN
07-25-2024 00:00,1721865601,0.0355,0.945,0.008,IN
08-01-2024 00:00,1722470402,0.0355,0.945,0.0085,IN
08-08-2024 00:00,1723075201,0.04,0.955,0.008,IN
08-15-2024 00:00,1723680002,0.034,0.9655,0.0045,IN
08-22-2024 00:00,1724284802,0.0295,0.967,0.0035,IN
08-29-2024 00:00,1724889602,0.031,0.969,0.0025,IN
09-05-2024 00:00,1725494402,0.0285,0.971,0.0015,IN
09-12-2024 00:00,1726099202,0.0265,0.9725,0.003,IN
09-19-2024 00:00,1726704001,0.025,0.973,0.0035,IN
09-26-2024 00:00,1727308802,0.024,0.974,0.004,IN
10-03-2024 00:00,1727913602,0.025,0.976,0.0025,IN
10-10-2024 00:00,1728518402,0.019,0.9775,0.0025,IN
10-17-2024 00:00,1729123202,0.0145,0.9725,0.0025,IN
10-24-2024 00:00,1729728003,0.018,0.972,0.0025,IN
10-31-2024 00:00,1730332803,0.015,0.9765,0.003,IN
11-04-2024 05:26,1730697962,0.029,0.971,0.004,IN
03-14-2024 00:00,1710374403,0.495,0.505,0.005,PA
03-21-2024 00:00,1710979203,0.495,0.505,0.0055,PA
03-28-2024 00:00,1711584003,0.495,0.495,0.0065,PA
04-04-2024 00:00,1712188803,0.495,0.495,0.0065,PA
04-11-2024 00:00,1712793603,0.575,0.42,0.012,PA
04-18-2024 00:00,1713398403,0.575,0.41,0.009,PA
04-25-2024 00:00,1714003203,0.615,0.365,0.0185,PA
05-02-2024 00:00,1714608003,0.53,0.445,0.0105,PA
05-09-2024 00:00,1715212803,0.525,0.455,0.0125,PA
05-16-2024 00:00,1715817604,0.515,0.475,0.017,PA
05-23-2024 00:00,1716422403,0.505,0.49,0.0125,PA
05-30-2024 00:00,1717027203,0.5,0.49,0.013,PA
06-06-2024 00:00,1717632003,0.52,0.485,0.007,PA
06-13-2024 00:00,1718236803,0.515,0.485,0.0115,PA
06-20-2024 00:00,1718841604,0.505,0.485,0.013,PA
06-27-2024 00:00,1719446402,0.505,0.495,0.01,PA
07-04-2024 00:00,1720051203,0.44,0.56,0.0025,PA
07-11-2024 00:00,1720656003,0.435,0.57,0.0055,PA
07-18-2024 00:00,1721260802,0.345,0.655,0.006,PA
07-25-2024 00:00,1721865601,0.465,0.535,0.0025,PA
08-01-2024 00:00,1722470402,0.55,0.455,0.0025,PA
08-08-2024 00:00,1723075201,0.5,0.495,0.0025,PA
08-15-2024 00:00,1723680002,0.575,0.425,0.0035,PA
08-22-2024 00:00,1724284802,0.485,0.515,0.0035,PA
08-29-2024 00:00,1724889602,0.495,0.505,0.0015,PA
09-05-2024 00:00,1725494402,0.47,0.525,0.003,PA
09-12-2024 00:00,1726099202,0.485,0.515,0.0015,PA
09-19-2024 00:00,1726704001,0.515,0.475,0.002,PA
09-26-2024 00:00,1727308802,0.505,0.495,0.0015,PA
10-03-2024 00:00,1727913602,0.495,0.505,0.002,PA
10-05-2024 14:21,1728138062,0.465,0.525,0.002,PA
04-04-2024 00:00,1712188803,0.905,0.085,0.009,NM
04-11-2024 00:00,1712793603,0.905,0.085,0.009,NM
04-18-2024 00:00,1713398403,0.905,0.085,0.009,NM
04-25-2024 00:00,1714003203,0.905,0.085,0.01,NM
05-02-2024 00:00,1714608003,0.905,0.085,0.0105,NM
05-09-2024 00:00,1715212803,0.915,0.085,0.0095,NM
05-16-2024 00:00,1715817604,0.855,0.115,0.009,NM
05-23-2024 00:00,1716422403,0.86,0.125,0.009,NM
05-30-2024 00:00,1717027203,0.86,0.145,0.0065,NM
06-06-2024 00:00,1717632003,0.845,0.15,0.0065,NM
06-13-2024 00:00,1718236803,0.835,0.155,0.012,NM
06-20-2024 00:00,1718841604,0.825,0.165,0.0135,NM
06-27-2024 00:00,1719446402,0.805,0.225,0.011,NM
07-04-2024 00:00,1720051203,0.795,0.195,0.0095,NM
07-11-2024 00:00,1720656003,0.79,0.165,0.0055,NM
07-18-2024 00:00,1721260802,0.745,0.265,0.005,NM
07-25-2024 00:00,1721865601,0.84,0.16,0.0025,NM
08-01-2024 00:00,1722470402,0.855,0.145,0.0025,NM
08-08-2024 00:00,1723075201,0.92,0.065,0.005,NM
08-15-2024 00:00,1723680002,0.905,0.085,0.0035,NM
08-22-2024 00:00,1724284802,0.9,0.095,0.003,NM
08-29-2024 00:00,1724889602,0.905,0.095,0.002,NM
09-05-2024 00:00,1725494402,0.905,0.095,0.002,NM
09-12-2024 00:00,1726099202,0.905,0.095,0.0025,NM
09-19-2024 00:00,1726704001,0.915,0.085,0.0025,NM
09-26-2024 00:00,1727308802,0.915,0.085,0.0025,NM
10-03-2024 00:00,1727913602,0.915,0.08,0.0025,NM
10-10-2024 00:00,1728518402,0.915,0.085,0.0025,NM
10-17-2024 00:00,1729123202,0.905,0.095,0.0015,NM
10-24-2024 00:00,1729728003,0.895,0.105,0.0015,NM
10-31-2024 00:00,1730332803,0.895,0.105,0.002,NM
11-04-2024 05:55,1730699702,0.935,0.065,0.003,NM
04-04-2024 00:00,1712188803,0.095,0.905,0.006,MT
04-11-2024 00:00,1712793603,0.085,0.905,0.011,MT
04-18-2024 00:00,1713398403,0.075,0.905,0.011,MT
04-25-2024 00:00,1714003203,0.075,0.905,0.02,MT
05-02-2024 00:00,1714608003,0.075,0.905,0.0225,MT
05-09-2024 00:00,1715212803,0.065,0.915,0.0195,MT
05-16-2024 00:00,1715817604,0.065,0.915,0.02,MT
05-23-2024 00:00,1716422403,0.055,0.915,0.0195,MT
05-30-2024 00:00,1717027203,0.055,0.915,0.0195,MT
06-06-2024 00:00,1717632003,0.055,0.915,0.0195,MT
06-13-2024 00:00,1718236803,0.055,0.915,0.0195,MT
06-20-2024 00:00,1718841604,0.055,0.925,0.0195,MT
06-27-2024 00:00,1719446402,0.055,0.925,0.0195,MT
07-04-2024 00:00,1720051203,0.045,0.925,0.017,MT
07-11-2024 00:00,1720656003,0.045,0.935,0.017,MT
07-18-2024 00:00,1721260802,0.035,0.945,0.017,MT
07-25-2024 00:00,1721865601,0.0395,0.945,0.0175,MT
08-01-2024 00:00,1722470402,0.0335,0.945,0.018,MT
08-08-2024 00:00,1723075201,0.0345,0.945,0.016,MT
08-15-2024 00:00,1723680002,0.032,0.96,0.0155,MT
08-22-2024 00:00,1724284802,0.02,0.9745,0.0025,MT
08-29-2024 00:00,1724889602,0.0225,0.9765,0.0015,MT
09-05-2024 00:00,1725494402,0.023,0.9715,0.0015,MT
09-12-2024 00:00,1726099202,0.0225,0.9755,0.0015,MT
09-19-2024 00:00,1726704001,0.022,0.9755,0.0015,MT
09-26-2024 00:00,1727308802,0.021,0.975,0.0035,MT
10-03-2024 00:00,1727913602,0.02,0.977,0.0035,MT
10-10-2024 00:00,1728518402,0.019,0.981,0.0035,MT
10-17-2024 00:00,1729123202,0.0085,0.9835,0.003,MT
10-24-2024 00:00,1729728003,0.007,0.982,0.003,MT
10-31-2024 00:00,1730332803,0.006,0.985,0.0025,MT
11-04-2024 06:12,1730700723,0.004,0.9865,0.006,MT
03-21-2024 00:00,1710979203,0.165,0.835,0.005,FL
03-28-2024 00:00,1711584003,0.165,0.835,0.0055,FL
04-04-2024 00:00,1712188803,0.165,0.835,0.0055,FL
04-11-2024 00:00,1712793603,0.12,0.845,0.0085,FL
04-18-2024 00:00,1713398403,0.115,0.855,0.0085,FL
04-25-2024 00:00,1714003203,0.115,0.855,0.0085,FL
05-02-2024 00:00,1714608003,0.115,0.875,0.0085,FL
05-09-2024 00:00,1715212803,0.08,0.915,0.0105,FL
05-16-2024 00:00,1715817604,0.08,0.905,0.01,FL
05-23-2024 00:00,1716422403,0.085,0.915,0.0105,FL
05-30-2024 00:00,1717027203,0.08,0.915,0.008,FL
06-06-2024 00:00,1717632003,0.065,0.925,0.008,FL
06-13-2024 00:00,1718236803,0.065,0.925,0.008,FL
06-20-2024 00:00,1718841604,0.055,0.925,0.0075,FL
06-27-2024 00:00,1719446402,0.055,0.925,0.0075,FL
07-04-2024 00:00,1720051203,0.065,0.925,0.008,FL
07-11-2024 00:00,1720656003,0.075,0.925,0.006,FL
07-18-2024 00:00,1721260802,0.065,0.925,0.006,FL
07-25-2024 00:00,1721865601,0.08,0.915,0.0025,FL
08-01-2024 00:00,1722470402,0.105,0.9,0.0025,FL
08-08-2024 00:00,1723075201,0.125,0.875,0.002,FL
08-15-2024 00:00,1723680002,0.185,0.815,0.0025,FL
08-22-2024 00:00,1724284802,0.15,0.855,0.0025,FL
08-29-2024 00:00,1724889602,0.175,0.825,0.002,FL
09-05-2024 00:00,1725494402,0.155,0.845,0.0015,FL
09-12-2024 00:00,1726099202,0.165,0.83,0.0015,FL
09-19-2024 00:00,1726704001,0.155,0.845,0.0015,FL
09-26-2024 00:00,1727308802,0.165,0.835,0.0015,FL
10-03-2024 00:00,1727913602,0.165,0.835,0.002,FL
10-10-2024 00:00,1728518402,0.115,0.885,0.0025,FL
10-17-2024 00:00,1729123202,0.11,0.895,0.0015,FL
10-24-2024 00:00,1729728003,0.065,0.935,0.0015,FL
10-31-2024 00:00,1730332803,0.045,0.955,0.0005,FL
11-04-2024 05:22,1730697723,0.066,0.93,0.0005,FL
03-21-2024 00:00,1710979203,0.83,0.165,0.005,NH
03-28-2024 00:00,1711584003,0.845,0.155,0.0065,NH
04-04-2024 00:00,1712188803,0.845,0.155,0.007,NH
04-11-2024 00:00,1712793603,0.845,0.145,0.01,NH
04-18-2024 00:00,1713398403,0.835,0.145,0.01,NH
04-25-2024 00:00,1714003203,0.835,0.145,0.0075,NH
05-02-2024 00:00,1714608003,0.835,0.145,0.01,NH
05-09-2024 00:00,1715212803,0.835,0.145,0.0095,NH
05-16-2024 00:00,1715817604,0.825,0.155,0.01,NH
05-23-2024 00:00,1716422403,0.83,0.155,0.014,NH
05-30-2024 00:00,1717027203,0.76,0.235,0.0095,NH
06-06-2024 00:00,1717632003,0.76,0.23,0.0095,NH
06-13-2024 00:00,1718236803,0.765,0.23,0.0095,NH
06-20-2024 00:00,1718841604,0.75,0.23,0.009,NH
06-27-2024 00:00,1719446402,0.405,0.295,0.009,NH
07-04-2024 00:00,1720051203,0.67,0.33,0.009,NH
07-11-2024 00:00,1720656003,0.665,0.335,0.009,NH
07-18-2024 00:00,1721260802,0.61,0.375,0.0075,NH
07-25-2024 00:00,1721865601,0.655,0.34,0.0035,NH
08-01-2024 00:00,1722470402,0.745,0.255,0.0015,NH
08-08-2024 00:00,1723075201,0.795,0.18,0.0015,NH
08-15-2024 00:00,1723680002,0.845,0.155,0.0025,NH
08-22-2024 00:00,1724284802,0.795,0.205,0.0015,NH
08-29-2024 00:00,1724889602,0.81,0.185,0.0015,NH
09-05-2024 00:00,1725494402,0.835,0.165,0.0015,NH
09-12-2024 00:00,1726099202,0.845,0.145,0.0015,NH
09-19-2024 00:00,1726704001,0.88,0.105,0.0015,NH
09-26-2024 00:00,1727308802,0.89,0.105,0.002,NH
10-03-2024 00:00,1727913602,0.885,0.115,0.0015,NH
10-10-2024 00:00,1728518402,0.875,0.125,0.0015,NH
10-17-2024 00:00,1729123202,0.855,0.145,0.0015,NH
10-24-2024 00:00,1729728003,0.825,0.175,0.002,NH
10-31-2024 00:00,1730332803,0.8,0.2,0.002,NH
11-04-2024 06:14,1730700843,0.855,0.15,0.0005,NH
04-04-2024 00:00,1712188803,0.085,0.915,0.0075,SC
04-11-2024 00:00,1712793603,0.075,0.915,0.0095,SC
04-18-2024 00:00,1713398403,0.075,0.905,0.0095,SC
04-25-2024 00:00,1714003203,0.075,0.905,0.0095,SC
05-02-2024 00:00,1714608003,0.075,0.905,0.0095,SC
05-09-2024 00:00,1715212803,0.065,0.915,0.0095,SC
05-16-2024 00:00,1715817604,0.065,0.915,0.0095,SC
05-23-2024 00:00,1716422403,0.065,0.915,0.009,SC
05-30-2024 00:00,1717027203,0.065,0.915,0.009,SC
06-06-2024 00:00,1717632003,0.065,0.915,0.009,SC
06-13-2024 00:00,1718236803,0.065,0.915,0.009,SC
06-20-2024 00:00,1718841604,0.065,0.915,0.009,SC
06-27-2024 00:00,1719446402,0.065,0.915,0.009,SC
07-04-2024 00:00,1720051203,0.055,0.925,0.009,SC
07-11-2024 00:00,1720656003,0.055,0.925,0.009,SC
07-18-2024 00:00,1721260802,0.045,0.955,0.008,SC
07-25-2024 00:00,1721865601,0.045,0.955,0.006,SC
08-01-2024 00:00,1722470402,0.045,0.955,0.0055,SC
08-08-2024 00:00,1723075201,0.04,0.955,0.005,SC
08-15-2024 00:00,1723680002,0.035,0.96,0.0045,SC
08-22-2024 00:00,1724284802,0.0345,0.965,0.0055,SC
08-29-2024 00:00,1724889602,0.0345,0.964,0.003,SC
09-05-2024 00:00,1725494402,0.0325,0.965,0.003,SC
09-12-2024 00:00,1726099202,0.024,0.972,0.0025,SC
09-19-2024 00:00,1726704001,0.0235,0.973,0.003,SC
09-26-2024 00:00,1727308802,0.024,0.9725,0.003,SC
10-03-2024 00:00,1727913602,0.0225,0.9745,0.0035,SC
10-10-2024 00:00,1728518402,0.017,0.979,0.0035,SC
10-17-2024 00:00,1729123202,0.015,0.9715,0.003,SC
10-24-2024 00:00,1729728003,0.0115,0.979,0.002,SC
10-31-2024 00:00,1730332803,0.014,0.975,0.0055,SC
11-04-2024 06:31,1730701862,0.02,0.977,0.0015,SC
04-04-2024 00:00,1712188803,0.095,0.905,0.0105,MO
04-11-2024 00:00,1712793603,0.085,0.905,0.012,MO
04-18-2024 00:00,1713398403,0.085,0.905,0.012,MO
04-25-2024 00:00,1714003203,0.085,0.905,0.013,MO
05-02-2024 00:00,1714608003,0.085,0.905,0.013,MO
05-09-2024 00:00,1715212803,0.075,0.905,0.013,MO
05-16-2024 00:00,1715817604,0.075,0.915,0.013,MO
05-23-2024 00:00,1716422403,0.065,0.935,0.012,MO
05-30-2024 00:00,1717027203,0.065,0.935,0.007,MO
06-06-2024 00:00,1717632003,0.055,0.945,0.007,MO
06-13-2024 00:00,1718236803,0.055,0.945,0.007,MO
06-20-2024 00:00,1718841604,0.055,0.945,0.007,MO
06-27-2024 00:00,1719446402,0.045,0.945,0.007,MO
07-04-2024 00:00,1720051203,0.023,0.965,0.0095,MO
07-11-2024 00:00,1720656003,0.023,0.966,0.0095,MO
07-18-2024 00:00,1721260802,0.0235,0.9545,0.01,MO
07-25-2024 00:00,1721865601,0.024,0.9515,0.008,MO
08-01-2024 00:00,1722470402,0.0245,0.952,0.01,MO
08-08-2024 00:00,1723075201,0.021,0.9565,0.008,MO
08-15-2024 00:00,1723680002,0.024,0.969,0.0075,MO
08-22-2024 00:00,1724284802,0.0255,0.9725,0.005,MO
08-29-2024 00:00,1724889602,0.0265,0.9715,0.003,MO
09-05-2024 00:00,1725494402,0.0285,0.9705,0.0025,MO
09-12-2024 00:00,1726099202,0.0185,0.9755,0.0035,MO
09-19-2024 00:00,1726704001,0.0185,0.9775,0.004,MO
09-26-2024 00:00,1727308802,0.016,0.979,0.0055,MO
10-03-2024 00:00,1727913602,0.0125,0.9835,0.004,MO
10-10-2024 00:00,1728518402,0.013,0.986,0.0015,MO
10-17-2024 00:00,1729123202,0.006,0.9895,0.002,MO
10-24-2024 00:00,1729728003,0.0105,0.9885,0.002,MO
10-31-2024 00:00,1730332803,0.0035,0.99,0.002,MO
11-04-2024 05:49,1730699342,0.008,0.9775,0.0055,MO
03-14-2024 00:00,1710374403,0.515,0.485,0.0055,NV
03-21-2024 00:00,1710979203,0.515,0.485,0.005,NV
03-28-2024 00:00,1711584003,0.505,0.495,0.004,NV
04-04-2024 00:00,1712188803,0.505,0.495,0.0065,NV
04-11-2024 00:00,1712793603,0.525,0.475,0.0095,NV
04-18-2024 00:00,1713398403,0.575,0.4,0.0075,NV
04-25-2024 00:00,1714003203,0.605,0.395,0.0095,NV
05-02-2024 00:00,1714608003,0.54,0.46,0.0075,NV
05-09-2024 00:00,1715212803,0.505,0.465,0.0065,NV
05-16-2024 00:00,1715817604,0.425,0.57,0.006,NV
05-23-2024 00:00,1716422403,0.375,0.605,0.006,NV
05-30-2024 00:00,1717027203,0.375,0.61,0.0095,NV
06-06-2024 00:00,1717632003,0.375,0.615,0.0075,NV
06-13-2024 00:00,1718236803,0.32,0.62,0.007,NV
06-20-2024 00:00,1718841604,0.305,0.655,0.0065,NV
06-27-2024 00:00,1719446402,0.28,0.715,0.007,NV
07-04-2024 00:00,1720051203,0.255,0.715,0.007,NV
07-11-2024 00:00,1720656003,0.28,0.705,0.007,NV
07-18-2024 00:00,1721260802,0.225,0.775,0.0085,NV
07-25-2024 00:00,1721865601,0.385,0.615,0.0045,NV
08-01-2024 00:00,1722470402,0.385,0.62,0.0025,NV
08-08-2024 00:00,1723075201,0.455,0.545,0.0025,NV
08-15-2024 00:00,1723680002,0.515,0.485,0.0055,NV
08-22-2024 00:00,1724284802,0.445,0.545,0.004,NV
08-29-2024 00:00,1724889602,0.465,0.525,0.0015,NV
09-05-2024 00:00,1725494402,0.475,0.51,0.0025,NV
09-12-2024 00:00,1726099202,0.495,0.505,0.003,NV
09-19-2024 00:00,1726704001,0.505,0.485,0.0025,NV
09-26-2024 00:00,1727308802,0.505,0.495,0.0025,NV
10-03-2024 00:00,1727913602,0.525,0.475,0.0035,NV
10-10-2024 00:00,1728518402,0.515,0.475,0.0025,NV
10-17-2024 00:00,1729123202,0.495,0.51,0.0035,NV
10-24-2024 00:00,1729728003,0.37,0.625,0.0025,NV
10-31-2024 00:00,1730332803,0.335,0.665,0.0015,NV
11-04-2024 06:34,1730702042,0.405,0.595,0.0005,NV
04-04-2024 00:00,1712188803,0.085,0.915,0.0065,KS
04-11-2024 00:00,1712793603,0.075,0.915,0.009,KS
04-18-2024 00:00,1713398403,0.075,0.915,0.01,KS
04-25-2024 00:00,1714003203,0.075,0.915,0.0105,KS
05-02-2024 00:00,1714608003,0.075,0.915,0.0105,KS
05-09-2024 00:00,1715212803,0.075,0.915,0.0105,KS
05-16-2024 00:00,1715817604,0.075,0.915,0.0105,KS
05-23-2024 00:00,1716422403,0.075,0.915,0.0105,KS
05-30-2024 00:00,1717027203,0.075,0.915,0.0105,KS
06-06-2024 00:00,1717632003,0.075,0.915,0.0105,KS
06-13-2024 00:00,1718236803,0.075,0.915,0.0105,KS
06-20-2024 00:00,1718841604,0.075,0.915,0.0145,KS
06-27-2024 00:00,1719446402,0.065,0.925,0.011,KS
07-04-2024 00:00,1720051203,0.065,0.925,0.01,KS
07-11-2024 00:00,1720656003,0.065,0.935,0.008,KS
07-18-2024 00:00,1721260802,0.055,0.945,0.007,KS
07-25-2024 00:00,1721865601,0.055,0.945,0.007,KS
08-01-2024 00:00,1722470402,0.055,0.945,0.008,KS
08-08-2024 00:00,1723075201,0.045,0.955,0.0065,KS
08-15-2024 00:00,1723680002,0.0325,0.967,0.0035,KS
08-22-2024 00:00,1724284802,0.0325,0.967,0.0055,KS
08-29-2024 00:00,1724889602,0.03,0.967,0.0035,KS
09-05-2024 00:00,1725494402,0.03,0.9675,0.0035,KS
09-12-2024 00:00,1726099202,0.0295,0.968,0.0035,KS
09-19-2024 00:00,1726704001,0.03,0.968,0.0035,KS
09-26-2024 00:00,1727308802,0.0245,0.9745,0.0035,KS
10-03-2024 00:00,1727913602,0.0185,0.978,0.003,KS
10-10-2024 00:00,1728518402,0.015,0.97,0.003,KS
10-17-2024 00:00,1729123202,0.0115,0.9685,0.0055,KS
10-24-2024 00:00,1729728003,0.012,0.9805,0.0025,KS
10-31-2024 00:00,1730332803,0.0165,0.979,0.0025,KS
11-04-2024 05:27,1730698022,0.025,0.9745,0.0045,KS
04-04-2024 00:00,1712188803,0.085,0.915,0.0065,NE
04-11-2024 00:00,1712793603,0.075,0.915,0.011,NE
04-18-2024 00:00,1713398403,0.075,0.915,0.011,NE
04-25-2024 00:00,1714003203,0.075,0.915,0.0115,NE
05-02-2024 00:00,1714608003,0.075,0.915,0.0115,NE
05-09-2024 00:00,1715212803,0.065,0.915,0.0115,NE
05-16-2024 00:00,1715817604,0.065,0.915,0.0115,NE
05-23-2024 00:00,1716422403,0.065,0.915,0.011,NE
05-30-2024 00:00,1717027203,0.075,0.915,0.011,NE
06-06-2024 00:00,1717632003,0.065,0.915,0.011,NE
06-13-2024 00:00,1718236803,0.065,0.915,0.011,NE
06-20-2024 00:00,1718841604,0.065,0.915,0.011,NE
06-27-2024 00:00,1719446402,0.065,0.925,0.011,NE
07-04-2024 00:00,1720051203,0.035,0.935,0.012,NE
07-11-2024 00:00,1720656003,0.035,0.935,0.0125,NE
07-18-2024 00:00,1721260802,0.0355,0.935,0.0125,NE
07-25-2024 00:00,1721865601,0.0455,0.94,0.012,NE
08-01-2024 00:00,1722470402,0.0455,0.945,0.0135,NE
08-08-2024 00:00,1723075201,0.0295,0.961,0.004,NE
08-15-2024 00:00,1723680002,0.028,0.968,0.0025,NE
08-22-2024 00:00,1724284802,0.0275,0.972,0.0035,NE
08-29-2024 00:00,1724889602,0.0265,0.9725,0.0025,NE
09-05-2024 00:00,1725494402,0.03,0.9685,0.0025,NE
09-12-2024 00:00,1726099202,0.0245,0.972,0.0045,NE
09-19-2024 00:00,1726704001,0.026,0.9735,0.0045,NE
09-26-2024 00:00,1727308802,0.024,0.9725,0.005,NE
10-03-2024 00:00,1727913602,0.0215,0.9785,0.0035,NE
10-10-2024 00:00,1728518402,0.0105,0.982,0.0035,NE
10-17-2024 00:00,1729123202,0.007,0.9815,0.003,NE
10-24-2024 00:00,1729728003,0.007,0.9825,0.0025,NE
10-31-2024 00:00,1730332803,0.0025,0.9915,0.0035,NE
11-04-2024 06:29,1730701742,0.011,0.9885,0.0035,NE
04-04-2024 00:00,1712188803,0.075,0.925,0.0075,WY
04-11-2024 00:00,1712793603,0.065,0.905,0.014,WY
04-18-2024 00:00,1713398403,0.055,0.905,0.0135,WY
04-25-2024 00:00,1714003203,0.065,0.905,0.0135,WY
05-02-2024 00:00,1714608003,0.055,0.905,0.0135,WY
05-09-2024 00:00,1715212803,0.0245,0.925,0.0375,WY
05-16-2024 00:00,1715817604,0.025,0.925,0.0095,WY
05-23-2024 00:00,1716422403,0.0215,0.915,0.009,WY
05-30-2024 00:00,1717027203,0.0245,0.915,0.0145,WY
06-06-2024 00:00,1717632003,0.025,0.915,0.009,WY
06-13-2024 00:00,1718236803,0.025,0.915,0.0085,WY
06-20-2024 00:00,1718841604,0.0165,0.92,0.0085,WY
06-27-2024 00:00,1719446402,0.0165,0.925,0.0085,WY
07-04-2024 00:00,1720051203,0.026,0.945,0.008,WY
07-11-2024 00:00,1720656003,0.0225,0.945,0.0075,WY
07-18-2024 00:00,1721260802,0.008,0.955,0.0075,WY
07-25-2024 00:00,1721865601,0.0085,0.955,0.007,WY
08-01-2024 00:00,1722470402,0.012,0.95,0.0035,WY
08-08-2024 00:00,1723075201,0.007,0.9585,0.007,WY
08-15-2024 00:00,1723680002,0.011,0.977,0.0075,WY
08-22-2024 00:00,1724284802,0.0085,0.9835,0.0035,WY
08-29-2024 00:00,1724889602,0.007,0.982,0.002,WY
09-05-2024 00:00,1725494402,0.0055,0.9835,0.002,WY
09-12-2024 00:00,1726099202,0.0065,0.983,0.003,WY
09-19-2024 00:00,1726704001,0.006,0.984,0.003,WY
09-26-2024 00:00,1727308802,0.006,0.982,0.003,WY
10-03-2024 00:00,1727913602,0.007,0.976,0.0045,WY
10-10-2024 00:00,1728518402,0.0085,0.977,0.0035,WY
10-17-2024 00:00,1729123202,0.008,0.977,0.0045,WY
10-24-2024 00:00,1729728003,0.0025,0.9915,0.0045,WY
10-31-2024 00:00,1730332803,0.0045,0.9895,0.0035,WY
11-04-2024 05:46,1730699162,0.003,0.989,0.003,WY
04-04-2024 00:00,1712188803,0.915,0.085,0.0065,CA
04-11-2024 00:00,1712793603,0.915,0.075,0.0165,CA
04-18-2024 00:00,1713398403,0.915,0.075,0.0135,CA
04-25-2024 00:00,1714003203,0.925,0.065,0.012,CA
05-02-2024 00:00,1714608003,0.915,0.065,0.0125,CA
05-09-2024 00:00,1715212803,0.915,0.065,0.0125,CA
05-16-2024 00:00,1715817604,0.915,0.065,0.0125,CA
05-23-2024 00:00,1716422403,0.915,0.065,0.012,CA
05-30-2024 00:00,1717027203,0.915,0.065,0.0125,CA
06-06-2024 00:00,1717632003,0.915,0.065,0.0125,CA
06-13-2024 00:00,1718236803,0.915,0.065,0.0125,CA
06-20-2024 00:00,1718841604,0.925,0.065,0.0125,CA
06-27-2024 00:00,1719446402,0.935,0.055,0.012,CA
07-04-2024 00:00,1720051203,0.955,0.034,0.0065,CA
07-11-2024 00:00,1720656003,0.955,0.0385,0.0065,CA
07-18-2024 00:00,1721260802,0.945,0.0555,0.006,CA
07-25-2024 00:00,1721865601,0.935,0.065,0.0055,CA
08-01-2024 00:00,1722470402,0.945,0.0515,0.0045,CA
08-08-2024 00:00,1723075201,0.961,0.0285,0.0035,CA
08-15-2024 00:00,1723680002,0.975,0.0185,0.006,CA
08-22-2024 00:00,1724284802,0.974,0.0205,0.003,CA
08-29-2024 00:00,1724889602,0.9765,0.0235,0.0025,CA
09-05-2024 00:00,1725494402,0.9755,0.024,0.0025,CA
09-12-2024 00:00,1726099202,0.9765,0.02,0.0025,CA
09-19-2024 00:00,1726704001,0.9755,0.019,0.003,CA
09-26-2024 00:00,1727308802,0.977,0.019,0.003,CA
10-03-2024 00:00,1727913602,0.982,0.018,0.003,CA
10-10-2024 00:00,1728518402,0.989,0.008,0.0025,CA
10-17-2024 00:00,1729123202,0.9575,0.041,0.002,CA
10-24-2024 00:00,1729728003,0.9785,0.021,0.0015,CA
10-31-2024 00:00,1730332803,0.978,0.022,0.0035,CA
11-04-2024 05:58,1730699882,0.9875,0.0125,0.0015,CA
04-04-2024 00:00,1712188803,0.085,0.915,0.005,KY
04-11-2024 00:00,1712793603,0.075,0.905,0.011,KY
04-18-2024 00:00,1713398403,0.065,0.895,0.011,KY
04-25-2024 00:00,1714003203,0.075,0.905,0.0115,KY
05-02-2024 00:00,1714608003,0.075,0.905,0.0115,KY
05-09-2024 00:00,1715212803,0.065,0.915,0.011,KY
05-16-2024 00:00,1715817604,0.065,0.915,0.01,KY
05-23-2024 00:00,1716422403,0.065,0.915,0.0095,KY
05-30-2024 00:00,1717027203,0.065,0.915,0.0095,KY
06-06-2024 00:00,1717632003,0.065,0.915,0.0095,KY
06-13-2024 00:00,1718236803,0.065,0.915,0.0095,KY
06-20-2024 00:00,1718841604,0.06,0.925,0.0095,KY
06-27-2024 00:00,1719446402,0.06,0.925,0.0095,KY
07-04-2024 00:00,1720051203,0.035,0.945,0.011,KY
07-11-2024 00:00,1720656003,0.0255,0.955,0.0115,KY
07-18-2024 00:00,1721260802,0.026,0.97,0.0115,KY
07-25-2024 00:00,1721865601,0.032,0.965,0.01,KY
08-01-2024 00:00,1722470402,0.0285,0.9615,0.0085,KY
08-08-2024 00:00,1723075201,0.0245,0.9595,0.0035,KY
08-15-2024 00:00,1723680002,0.0255,0.9715,0.0035,KY
08-22-2024 00:00,1724284802,0.0225,0.972,0.003,KY
08-29-2024 00:00,1724889602,0.0195,0.97,0.002,KY
09-05-2024 00:00,1725494402,0.017,0.971,0.0025,KY
09-12-2024 00:00,1726099202,0.0165,0.9725,0.004,KY
09-19-2024 00:00,1726704001,0.0165,0.976,0.005,KY
09-26-2024 00:00,1727308802,0.0125,0.975,0.004,KY
10-03-2024 00:00,1727913602,0.0115,0.9775,0.0045,KY
10-10-2024 00:00,1728518402,0.0065,0.986,0.002,KY
10-17-2024 00:00,1729123202,0.007,0.9855,0.0025,KY
10-24-2024 00:00,1729728003,0.004,0.99,0.0025,KY
10-31-2024 00:00,1730332803,0.0025,0.9915,0.0025,KY
11-04-2024 06:05,1730700302,0.0045,0.9875,0.004,KY
04-04-2024 00:00,1712188803,0.915,0.085,0.0065,IL
04-11-2024 00:00,1712793603,0.915,0.075,0.01,IL
04-18-2024 00:00,1713398403,0.905,0.075,0.01,IL
04-25-2024 00:00,1714003203,0.905,0.075,0.0105,IL
05-02-2024 00:00,1714608003,0.905,0.075,0.0105,IL
05-09-2024 00:00,1715212803,0.915,0.075,0.01,IL
05-16-2024 00:00,1715817604,0.91,0.075,0.0105,IL
05-23-2024 00:00,1716422403,0.915,0.075,0.01,IL
05-30-2024 00:00,1717027203,0.915,0.075,0.01,IL
06-06-2024 00:00,1717632003,0.915,0.075,0.01,IL
06-13-2024 00:00,1718236803,0.915,0.065,0.0095,IL
06-20-2024 00:00,1718841604,0.915,0.065,0.0095,IL
06-27-2024 00:00,1719446402,0.915,0.065,0.0095,IL
07-04-2024 00:00,1720051203,0.915,0.065,0.0105,IL
07-11-2024 00:00,1720656003,0.92,0.065,0.0105,IL
07-18-2024 00:00,1721260802,0.92,0.075,0.01,IL
07-25-2024 00:00,1721865601,0.92,0.08,0.01,IL
08-01-2024 00:00,1722470402,0.925,0.065,0.0115,IL
08-08-2024 00:00,1723075201,0.9655,0.0255,0.0095,IL
08-15-2024 00:00,1723680002,0.9695,0.0225,0.0055,IL
08-22-2024 00:00,1724284802,0.9775,0.0225,0.0035,IL
08-29-2024 00:00,1724889602,0.9765,0.022,0.003,IL
09-05-2024 00:00,1725494402,0.977,0.022,0.0035,IL
09-12-2024 00:00,1726099202,0.976,0.0215,0.003,IL
09-19-2024 00:00,1726704001,0.976,0.0215,0.003,IL
09-26-2024 00:00,1727308802,0.9755,0.0215,0.0025,IL
10-03-2024 00:00,1727913602,0.9775,0.021,0.0025,IL
10-10-2024 00:00,1728518402,0.9745,0.021,0.0035,IL
10-17-2024 00:00,1729123202,0.949,0.0205,0.003,IL
10-24-2024 00:00,1729728003,0.979,0.0205,0.0015,IL
10-31-2024 00:00,1730332803,0.964,0.0335,0.0025,IL
11-04-2024 05:53,1730699582,0.982,0.0145,0.0015,IL
04-04-2024 00:00,1712188803,0.885,0.115,0.0065,ME
04-11-2024 00:00,1712793603,0.885,0.105,0.0105,ME
04-18-2024 00:00,1713398403,0.875,0.105,0.011,ME
04-25-2024 00:00,1714003203,0.875,0.095,0.0105,ME
05-02-2024 00:00,1714608003,0.88,0.095,0.013,ME
05-09-2024 00:00,1715212803,0.905,0.085,0.01,ME
05-16-2024 00:00,1715817604,0.895,0.085,0.0105,ME
05-23-2024 00:00,1716422403,0.895,0.085,0.0105,ME
05-30-2024 00:00,1717027203,0.885,0.105,0.0105,ME
06-06-2024 00:00,1717632003,0.85,0.15,0.0105,ME
06-13-2024 00:00,1718236803,0.825,0.155,0.0065,ME
06-20-2024 00:00,1718841604,0.815,0.18,0.01,ME
06-27-2024 00:00,1719446402,0.69,0.28,0.01,ME
07-04-2024 00:00,1720051203,0.705,0.255,0.0095,ME
07-11-2024 00:00,1720656003,0.69,0.315,0.009,ME
07-18-2024 00:00,1721260802,0.655,0.325,0.004,ME
07-25-2024 00:00,1721865601,0.725,0.275,0.0065,ME
08-01-2024 00:00,1722470402,0.785,0.205,0.0035,ME
08-08-2024 00:00,1723075201,0.895,0.105,0.0075,ME
08-15-2024 00:00,1723680002,0.875,0.125,0.0045,ME
08-22-2024 00:00,1724284802,0.835,0.15,0.003,ME
08-29-2024 00:00,1724889602,0.855,0.145,0.0015,ME
09-05-2024 00:00,1725494402,0.855,0.145,0.0015,ME
09-12-2024 00:00,1726099202,0.865,0.135,0.0025,ME
09-19-2024 00:00,1726704001,0.895,0.105,0.003,ME
09-26-2024 00:00,1727308802,0.895,0.105,0.0025,ME
10-03-2024 00:00,1727913602,0.895,0.105,0.0025,ME
10-10-2024 00:00,1728518402,0.885,0.115,0.0025,ME
10-17-2024 00:00,1729123202,0.875,0.125,0.002,ME
10-24-2024 00:00,1729728003,0.86,0.13,0.0015,ME
10-31-2024 00:00,1730332803,0.885,0.11,0.0015,ME
11-04-2024 05:29,1730698142,0.91,0.09,0.0015,ME
04-04-2024 00:00,1712188803,0.095,0.905,0.0085,IA
04-11-2024 00:00,1712793603,0.085,0.905,0.0105,IA
04-18-2024 00:00,1713398403,0.085,0.895,0.0125,IA
04-25-2024 00:00,1714003203,0.085,0.895,0.013,IA
05-02-2024 00:00,1714608003,0.085,0.895,0.013,IA
05-09-2024 00:00,1715212803,0.075,0.895,0.013,IA
05-16-2024 00:00,1715817604,0.075,0.895,0.013,IA
05-23-2024 00:00,1716422403,0.065,0.905,0.012,IA
05-30-2024 00:00,1717027203,0.065,0.905,0.012,IA
06-06-2024 00:00,1717632003,0.065,0.915,0.012,IA
06-13-2024 00:00,1718236803,0.065,0.915,0.012,IA
06-20-2024 00:00,1718841604,0.065,0.915,0.012,IA
06-27-2024 00:00,1719446402,0.065,0.915,0.012,IA
07-04-2024 00:00,1720051203,0.065,0.935,0.0145,IA
07-11-2024 00:00,1720656003,0.055,0.935,0.014,IA
07-18-2024 00:00,1721260802,0.045,0.945,0.011,IA
07-25-2024 00:00,1721865601,0.045,0.945,0.0115,IA
08-01-2024 00:00,1722470402,0.055,0.935,0.0125,IA
08-08-2024 00:00,1723075201,0.065,0.935,0.01,IA
08-15-2024 00:00,1723680002,0.085,0.92,0.005,IA
08-22-2024 00:00,1724284802,0.085,0.915,0.003,IA
08-29-2024 00:00,1724889602,0.075,0.925,0.0015,IA
09-05-2024 00:00,1725494402,0.055,0.935,0.0015,IA
09-12-2024 00:00,1726099202,0.055,0.945,0.003,IA
09-19-2024 00:00,1726704001,0.09,0.91,0.0045,IA
09-26-2024 00:00,1727308802,0.08,0.915,0.0045,IA
10-03-2024 00:00,1727913602,0.075,0.915,0.0045,IA
10-10-2024 00:00,1728518402,0.075,0.925,0.0025,IA
10-17-2024 00:00,1729123202,0.08,0.92,0.0035,IA
10-24-2024 00:00,1729728003,0.055,0.945,0.002,IA
10-31-2024 00:00,1730332803,0.045,0.955,0.0025,IA
11-04-2024 06:03,1730700182,0.185,0.825,0.0005,IA
04-04-2024 00:00,1712188803,0.075,0.925,0.007,SD
04-11-2024 00:00,1712793603,0.065,0.915,0.013,SD
04-18-2024 00:00,1713398403,0.06,0.905,0.012,SD
04-25-2024 00:00,1714003203,0.045,0.905,0.012,SD
05-02-2024 00:00,1714608003,0.065,0.905,0.012,SD
05-09-2024 00:00,1715212803,0.065,0.915,0.0115,SD
05-16-2024 00:00,1715817604,0.065,0.915,0.012,SD
05-23-2024 00:00,1716422403,0.065,0.915,0.0115,SD
05-30-2024 00:00,1717027203,0.065,0.915,0.0115,SD
06-06-2024 00:00,1717632003,0.065,0.915,0.0115,SD
06-13-2024 00:00,1718236803,0.065,0.915,0.0155,SD
06-20-2024 00:00,1718841604,0.065,0.915,0.0125,SD
06-27-2024 00:00,1719446402,0.06,0.925,0.0125,SD
07-04-2024 00:00,1720051203,0.045,0.955,0.0075,SD
07-11-2024 00:00,1720656003,0.045,0.955,0.0075,SD
07-18-2024 00:00,1721260802,0.0345,0.96,0.0075,SD
07-25-2024 00:00,1721865601,0.035,0.95,0.0075,SD
08-01-2024 00:00,1722470402,0.0345,0.945,0.0085,SD
08-08-2024 00:00,1723075201,0.0345,0.9635,0.0045,SD
08-15-2024 00:00,1723680002,0.0195,0.9805,0.0035,SD
08-22-2024 00:00,1724284802,0.0155,0.98,0.0035,SD
08-29-2024 00:00,1724889602,0.0185,0.9795,0.003,SD
09-05-2024 00:00,1725494402,0.0105,0.979,0.0025,SD
09-12-2024 00:00,1726099202,0.0095,0.981,0.0035,SD
09-19-2024 00:00,1726704001,0.009,0.9785,0.0035,SD
09-26-2024 00:00,1727308802,0.0075,0.9785,0.0035,SD
10-03-2024 00:00,1727913602,0.0055,0.986,0.002,SD
10-10-2024 00:00,1728518402,0.0035,0.9855,0.003,SD
10-17-2024 00:00,1729123202,0.004,0.9725,0.004,SD
10-24-2024 00:00,1729728003,0.0035,0.9775,0.0035,SD
10-31-2024 00:00,1730332803,0.0055,0.9795,0.0035,SD
11-04-2024 05:43,1730698982,0.0085,0.98,0.0015,SD
04-04-2024 00:00,1712188803,0.885,0.12,0.006,VA
04-11-2024 00:00,1712793603,0.875,0.11,0.01,VA
04-18-2024 00:00,1713398403,0.875,0.1,0.011,VA
04-25-2024 00:00,1714003203,0.875,0.105,0.019,VA
05-02-2024 00:00,1714608003,0.875,0.105,0.019,VA
05-09-2024 00:00,1715212803,0.885,0.105,0.018,VA
05-16-2024 00:00,1715817604,0.855,0.135,0.0105,VA
05-23-2024 00:00,1716422403,0.855,0.135,0.0095,VA
05-30-2024 00:00,1717027203,0.835,0.165,0.0095,VA
06-06-2024 00:00,1717632003,0.805,0.195,0.009,VA
06-13-2024 00:00,1718236803,0.755,0.215,0.0085,VA
06-20-2024 00:00,1718841604,0.765,0.235,0.0085,VA
06-27-2024 00:00,1719446402,0.715,0.295,0.0085,VA
07-04-2024 00:00,1720051203,0.725,0.265,0.0055,VA
07-11-2024 00:00,1720656003,0.69,0.305,0.005,VA
07-18-2024 00:00,1721260802,0.685,0.3,0.004,VA
07-25-2024 00:00,1721865601,0.74,0.245,0.003,VA
08-01-2024 00:00,1722470402,0.78,0.22,0.0035,VA
08-08-2024 00:00,1723075201,0.835,0.165,0.0035,VA
08-15-2024 00:00,1723680002,0.875,0.125,0.0025,VA
08-22-2024 00:00,1724284802,0.845,0.155,0.0025,VA
08-29-2024 00:00,1724889602,0.845,0.155,0.0015,VA
09-05-2024 00:00,1725494402,0.845,0.155,0.002,VA
09-12-2024 00:00,1726099202,0.885,0.115,0.0015,VA
09-19-2024 00:00,1726704001,0.905,0.085,0.002,VA
09-26-2024 00:00,1727308802,0.885,0.115,0.0015,VA
10-03-2024 00:00,1727913602,0.875,0.13,0.0015,VA
10-10-2024 00:00,1728518402,0.885,0.115,0.0015,VA
10-17-2024 00:00,1729123202,0.865,0.14,0.0015,VA
10-24-2024 00:00,1729728003,0.835,0.17,0.0005,VA
10-31-2024 00:00,1730332803,0.835,0.165,0.0005,VA
11-04-2024 06:24,1730701442,0.885,0.12,0.0005,VA
04-04-2024 00:00,1712188803,0.926,0.075,0.005,DE
04-11-2024 00:00,1712793603,0.921,0.075,0.0105,DE
04-18-2024 00:00,1713398403,0.9145,0.07,0.0105,DE
04-25-2024 00:00,1714003203,0.9145,0.07,0.0105,DE
05-02-2024 00:00,1714608003,0.9145,0.075,0.0105,DE
05-09-2024 00:00,1715212803,0.918,0.065,0.01,DE
05-16-2024 00:00,1715817604,0.9145,0.07,0.0105,DE
05-23-2024 00:00,1716422403,0.916,0.07,0.0105,DE
05-30-2024 00:00,1717027203,0.92,0.07,0.0105,DE
06-06-2024 00:00,1717632003,0.9225,0.07,0.0105,DE
06-13-2024 00:00,1718236803,0.9195,0.075,0.0105,DE
06-20-2024 00:00,1718841604,0.9195,0.075,0.0105,DE
06-27-2024 00:00,1719446402,0.9195,0.075,0.0105,DE
07-04-2024 00:00,1720051203,0.9675,0.029,0.0065,DE
07-11-2024 00:00,1720656003,0.9605,0.0315,0.0065,DE
07-18-2024 00:00,1721260802,0.951,0.05,0.004,DE
07-25-2024 00:00,1721865601,0.952,0.038,0.003,DE
08-01-2024 00:00,1722470402,0.953,0.035,0.003,DE
08-08-2024 00:00,1723075201,0.9595,0.0285,0.0045,DE
08-15-2024 00:00,1723680002,0.9685,0.03,0.0035,DE
08-22-2024 00:00,1724284802,0.9635,0.0265,0.0035,DE
08-29-2024 00:00,1724889602,0.9685,0.0275,0.003,DE
09-05-2024 00:00,1725494402,0.9695,0.0275,0.0025,DE
09-12-2024 00:00,1726099202,0.9695,0.0275,0.004,DE
09-19-2024 00:00,1726704001,0.972,0.0265,0.0035,DE
09-26-2024 00:00,1727308802,0.972,0.0265,0.003,DE
10-03-2024 00:00,1727913602,0.9755,0.024,0.0025,DE
10-10-2024 00:00,1728518402,0.9765,0.023,0.0015,DE
10-17-2024 00:00,1729123202,0.948,0.0325,0.0015,DE
10-24-2024 00:00,1729728003,0.9725,0.025,0.0015,DE
10-31-2024 00:00,1730332803,0.9695,0.0285,0.006,DE
11-04-2024 05:59,1730699942,0.983,0.0155,0.0055,DE
04-04-2024 00:00,1712188803,0.085,0.915,0.0085,MS
04-11-2024 00:00,1712793603,0.075,0.915,0.01,MS
04-18-2024 00:00,1713398403,0.075,0.91,0.01,MS
04-25-2024 00:00,1714003203,0.075,0.905,0.01,MS
05-02-2024 00:00,1714608003,0.075,0.915,0.01,MS
05-09-2024 00:00,1715212803,0.075,0.915,0.0095,MS
05-16-2024 00:00,1715817604,0.065,0.915,0.0095,MS
05-23-2024 00:00,1716422403,0.065,0.915,0.0095,MS
05-30-2024 00:00,1717027203,0.065,0.915,0.0095,MS
06-06-2024 00:00,1717632003,0.065,0.915,0.0095,MS
06-13-2024 00:00,1718236803,0.065,0.915,0.0095,MS
06-20-2024 00:00,1718841604,0.065,0.915,0.0095,MS
06-27-2024 00:00,1719446402,0.065,0.925,0.0095,MS
07-04-2024 00:00,1720051203,0.055,0.935,0.01,MS
07-11-2024 00:00,1720656003,0.055,0.945,0.005,MS
07-18-2024 00:00,1721260802,0.045,0.955,0.0045,MS
07-25-2024 00:00,1721865601,0.045,0.945,0.0045,MS
08-01-2024 00:00,1722470402,0.045,0.945,0.0045,MS
08-08-2024 00:00,1723075201,0.045,0.955,0.0045,MS
08-15-2024 00:00,1723680002,0.033,0.967,0.0045,MS
08-22-2024 00:00,1724284802,0.032,0.9735,0.003,MS
08-29-2024 00:00,1724889602,0.025,0.974,0.0025,MS
09-05-2024 00:00,1725494402,0.024,0.9755,0.003,MS
09-12-2024 00:00,1726099202,0.0225,0.975,0.0025,MS
09-19-2024 00:00,1726704001,0.023,0.974,0.0025,MS
09-26-2024 00:00,1727308802,0.0235,0.9745,0.0025,MS
10-03-2024 00:00,1727913602,0.021,0.978,0.003,MS
10-10-2024 00:00,1728518402,0.0165,0.981,0.0025,MS
10-17-2024 00:00,1729123202,0.012,0.942,0.003,MS
10-24-2024 00:00,1729728003,0.009,0.983,0.0025,MS
10-31-2024 00:00,1730332803,0.014,0.983,0.0025,MS
11-04-2024 06:10,1730700602,0.0165,0.9835,0.0035,MS
04-04-2024 00:00,1712188803,0.085,0.915,0.006,LA
04-11-2024 00:00,1712793603,0.075,0.915,0.011,LA
04-18-2024 00:00,1713398403,0.075,0.915,0.0105,LA
04-25-2024 00:00,1714003203,0.075,0.915,0.0105,LA
05-02-2024 00:00,1714608003,0.075,0.915,0.0125,LA
05-09-2024 00:00,1715212803,0.065,0.915,0.011,LA
05-16-2024 00:00,1715817604,0.065,0.915,0.011,LA
05-23-2024 00:00,1716422403,0.065,0.915,0.0105,LA
05-30-2024 00:00,1717027203,0.065,0.915,0.0105,LA
06-06-2024 00:00,1717632003,0.065,0.925,0.0155,LA
06-13-2024 00:00,1718236803,0.065,0.925,0.0155,LA
06-20-2024 00:00,1718841604,0.06,0.925,0.0155,LA
06-27-2024 00:00,1719446402,0.045,0.935,0.009,LA
07-04-2024 00:00,1720051203,0.035,0.945,0.009,LA
07-11-2024 00:00,1720656003,0.0345,0.945,0.009,LA
07-18-2024 00:00,1721260802,0.035,0.945,0.009,LA
07-25-2024 00:00,1721865601,0.0355,0.945,0.009,LA
08-01-2024 00:00,1722470402,0.036,0.945,0.01,LA
08-08-2024 00:00,1723075201,0.033,0.945,0.008,LA
08-15-2024 00:00,1723680002,0.0325,0.96,0.0065,LA
08-22-2024 00:00,1724284802,0.0295,0.9745,0.005,LA
08-29-2024 00:00,1724889602,0.024,0.973,0.0035,LA
09-05-2024 00:00,1725494402,0.022,0.976,0.0035,LA
09-12-2024 00:00,1726099202,0.022,0.974,0.003,LA
09-19-2024 00:00,1726704001,0.0205,0.975,0.004,LA
09-26-2024 00:00,1727308802,0.0205,0.975,0.0035,LA
10-03-2024 00:00,1727913602,0.0205,0.977,0.0035,LA
10-10-2024 00:00,1728518402,0.01,0.981,0.0035,LA
10-17-2024 00:00,1729123202,0.011,0.9825,0.0035,LA
10-24-2024 00:00,1729728003,0.009,0.983,0.003,LA
10-31-2024 00:00,1730332803,0.0125,0.9825,0.0025,LA
11-04-2024 06:37,1730702222,0.0135,0.985,0.0025,LA
04-04-2024 00:00,1712188803,0.085,0.915,0.0085,ID
04-11-2024 00:00,1712793603,0.075,0.905,0.01,ID
04-18-2024 00:00,1713398403,0.065,0.905,0.0105,ID
04-25-2024 00:00,1714003203,0.065,0.905,0.0105,ID
05-02-2024 00:00,1714608003,0.065,0.905,0.0105,ID
05-09-2024 00:00,1715212803,0.055,0.915,0.012,ID
05-16-2024 00:00,1715817604,0.055,0.915,0.012,ID
05-23-2024 00:00,1716422403,0.055,0.915,0.0115,ID
05-30-2024 00:00,1717027203,0.055,0.915,0.012,ID
06-06-2024 00:00,1717632003,0.055,0.915,0.012,ID
06-13-2024 00:00,1718236803,0.055,0.915,0.0115,ID
06-20-2024 00:00,1718841604,0.055,0.925,0.0115,ID
06-27-2024 00:00,1719446402,0.055,0.925,0.0115,ID
07-04-2024 00:00,1720051203,0.05,0.945,0.011,ID
07-11-2024 00:00,1720656003,0.045,0.945,0.011,ID
07-18-2024 00:00,1721260802,0.045,0.945,0.011,ID
07-25-2024 00:00,1721865601,0.05,0.945,0.011,ID
08-01-2024 00:00,1722470402,0.049,0.945,0.0115,ID
08-08-2024 00:00,1723075201,0.0335,0.955,0.0085,ID
08-15-2024 00:00,1723680002,0.009,0.984,0.0065,ID
08-22-2024 00:00,1724284802,0.009,0.984,0.0045,ID
08-29-2024 00:00,1724889602,0.0085,0.988,0.0025,ID
09-05-2024 00:00,1725494402,0.007,0.9855,0.003,ID
09-12-2024 00:00,1726099202,0.008,0.985,0.0025,ID
09-19-2024 00:00,1726704001,0.008,0.982,0.0035,ID
09-26-2024 00:00,1727308802,0.008,0.9815,0.004,ID
10-03-2024 00:00,1727913602,0.008,0.9795,0.004,ID
10-10-2024 00:00,1728518402,0.0075,0.981,0.004,ID
10-17-2024 00:00,1729123202,0.0055,0.983,0.004,ID
10-24-2024 00:00,1729728003,0.0045,0.986,0.0025,ID
10-31-2024 00:00,1730332803,0.009,0.9865,0.0025,ID
11-04-2024 06:32,1730701923,0.008,0.985,0.003,ID
04-04-2024 00:00,1712188803,0.075,0.925,0.0055,WV
04-11-2024 00:00,1712793603,0.065,0.915,0.0135,WV
04-18-2024 00:00,1713398403,0.065,0.905,0.0115,WV
04-25-2024 00:00,1714003203,0.065,0.905,0.021,WV
05-02-2024 00:00,1714608003,0.065,0.905,0.021,WV
05-09-2024 00:00,1715212803,0.055,0.915,0.0205,WV
05-16-2024 00:00,1715817604,0.06,0.915,0.021,WV
05-23-2024 00:00,1716422403,0.055,0.915,0.021,WV
05-30-2024 00:00,1717027203,0.055,0.915,0.021,WV
06-06-2024 00:00,1717632003,0.055,0.915,0.021,WV
06-13-2024 00:00,1718236803,0.055,0.905,0.021,WV
06-20-2024 00:00,1718841604,0.055,0.915,0.0205,WV
06-27-2024 00:00,1719446402,0.045,0.915,0.018,WV
07-04-2024 00:00,1720051203,0.026,0.945,0.0145,WV
07-11-2024 00:00,1720656003,0.026,0.945,0.0145,WV
07-18-2024 00:00,1721260802,0.026,0.955,0.0145,WV
07-25-2024 00:00,1721865601,0.0265,0.95,0.015,WV
08-01-2024 00:00,1722470402,0.0275,0.945,0.0185,WV
08-08-2024 00:00,1723075201,0.022,0.955,0.021,WV
08-15-2024 00:00,1723680002,0.015,0.9685,0.016,WV
08-22-2024 00:00,1724284802,0.015,0.973,0.005,WV
08-29-2024 00:00,1724889602,0.0145,0.9795,0.0015,WV
09-05-2024 00:00,1725494402,0.014,0.9795,0.0015,WV
09-12-2024 00:00,1726099202,0.014,0.9795,0.002,WV
09-19-2024 00:00,1726704001,0.014,0.9815,0.003,WV
09-26-2024 00:00,1727308802,0.014,0.98,0.0025,WV
10-03-2024 00:00,1727913602,0.014,0.9815,0.0025,WV
10-10-2024 00:00,1728518402,0.012,0.986,0.002,WV
10-17-2024 00:00,1729123202,0.0095,0.977,0.002,WV
10-24-2024 00:00,1729728003,0.01,0.982,0.0025,WV
10-31-2024 00:00,1730332803,0.0125,0.9815,0.0035,WV
11-04-2024 05:51,1730699462,0.008,0.99,0.003,WV
04-04-2024 00:00,1712188803,0.905,0.095,0.0065,NJ
04-11-2024 00:00,1712793603,0.915,0.085,0.0085,NJ
04-18-2024 00:00,1713398403,0.905,0.085,0.009,NJ
04-25-2024 00:00,1714003203,0.905,0.085,0.01,NJ
05-02-2024 00:00,1714608003,0.905,0.085,0.01,NJ
05-09-2024 00:00,1715212803,0.905,0.085,0.0095,NJ
05-16-2024 00:00,1715817604,0.915,0.085,0.009,NJ
05-23-2024 00:00,1716422403,0.915,0.075,0.0095,NJ
05-30-2024 00:00,1717027203,0.915,0.075,0.0095,NJ
06-06-2024 00:00,1717632003,0.915,0.085,0.0095,NJ
06-13-2024 00:00,1718236803,0.915,0.085,0.009,NJ
06-20-2024 00:00,1718841604,0.86,0.13,0.0075,NJ
06-27-2024 00:00,1719446402,0.86,0.125,0.0075,NJ
07-04-2024 00:00,1720051203,0.845,0.145,0.0075,NJ
07-11-2024 00:00,1720656003,0.845,0.125,0.007,NJ
07-18-2024 00:00,1721260802,0.845,0.145,0.007,NJ
07-25-2024 00:00,1721865601,0.88,0.11,0.007,NJ
08-01-2024 00:00,1722470402,0.905,0.095,0.004,NJ
08-08-2024 00:00,1723075201,0.94,0.055,0.0035,NJ
08-15-2024 00:00,1723680002,0.945,0.055,0.0025,NJ
08-22-2024 00:00,1724284802,0.957,0.043,0.0015,NJ
08-29-2024 00:00,1724889602,0.9575,0.0415,0.002,NJ
09-05-2024 00:00,1725494402,0.9585,0.0415,0.0015,NJ
09-12-2024 00:00,1726099202,0.9635,0.037,0.0015,NJ
09-19-2024 00:00,1726704001,0.965,0.033,0.0015,NJ
09-26-2024 00:00,1727308802,0.969,0.0305,0.0015,NJ
10-03-2024 00:00,1727913602,0.9695,0.0305,0.0015,NJ
10-10-2024 00:00,1728518402,0.967,0.031,0.0025,NJ
10-17-2024 00:00,1729123202,0.9355,0.065,0.0015,NJ
10-24-2024 00:00,1729728003,0.9515,0.048,0.0015,NJ
10-31-2024 00:00,1730332803,0.9465,0.0485,0.003,NJ
11-04-2024 05:34,1730698443,0.9655,0.0345,0.0005,NJ
04-04-2024 00:00,1712188803,0.085,0.915,0.0065,OK
04-11-2024 00:00,1712793603,0.075,0.915,0.0105,OK
04-18-2024 00:00,1713398403,0.075,0.905,0.011,OK
04-25-2024 00:00,1714003203,0.075,0.905,0.0115,OK
05-02-2024 00:00,1714608003,0.075,0.905,0.0115,OK
05-09-2024 00:00,1715212803,0.065,0.915,0.0115,OK
05-16-2024 00:00,1715817604,0.065,0.915,0.0115,OK
05-23-2024 00:00,1716422403,0.065,0.925,0.0115,OK
05-30-2024 00:00,1717027203,0.065,0.925,0.013,OK
06-06-2024 00:00,1717632003,0.055,0.925,0.013,OK
06-13-2024 00:00,1718236803,0.055,0.925,0.013,OK
06-20-2024 00:00,1718841604,0.055,0.925,0.0135,OK
06-27-2024 00:00,1719446402,0.055,0.925,0.0135,OK
07-04-2024 00:00,1720051203,0.055,0.945,0.011,OK
07-11-2024 00:00,1720656003,0.045,0.945,0.011,OK
07-18-2024 00:00,1721260802,0.045,0.945,0.011,OK
07-25-2024 00:00,1721865601,0.045,0.945,0.0115,OK
08-01-2024 00:00,1722470402,0.045,0.945,0.012,OK
08-08-2024 00:00,1723075201,0.035,0.95,0.009,OK
08-15-2024 00:00,1723680002,0.0255,0.968,0.0055,OK
08-22-2024 00:00,1724284802,0.017,0.977,0.0055,OK
08-29-2024 00:00,1724889602,0.013,0.983,0.0035,OK
09-05-2024 00:00,1725494402,0.011,0.983,0.0025,OK
09-12-2024 00:00,1726099202,0.0105,0.983,0.0025,OK
09-19-2024 00:00,1726704001,0.0105,0.983,0.003,OK
09-26-2024 00:00,1727308802,0.0105,0.985,0.003,OK
10-03-2024 00:00,1727913602,0.01,0.9885,0.002,OK
10-10-2024 00:00,1728518402,0.0075,0.9895,0.0025,OK
10-17-2024 00:00,1729123202,0.0055,0.9905,0.0025,OK
10-24-2024 00:00,1729728003,0.0045,0.99,0.002,OK
10-31-2024 00:00,1730332803,0.009,0.9905,0.002,OK
11-04-2024 05:39,1730698742,0.0075,0.99,0.0035,OK
04-04-2024 00:00,1712188803,0.905,0.095,0.0095,NY
04-11-2024 00:00,1712793603,0.9,0.085,0.0135,NY
04-18-2024 00:00,1713398403,0.905,0.075,0.0135,NY
04-25-2024 00:00,1714003203,0.905,0.075,0.016,NY
05-02-2024 00:00,1714608003,0.905,0.075,0.016,NY
05-09-2024 00:00,1715212803,0.915,0.065,0.0115,NY
05-16-2024 00:00,1715817604,0.915,0.055,0.0115,NY
05-23-2024 00:00,1716422403,0.915,0.055,0.0115,NY
05-30-2024 00:00,1717027203,0.91,0.075,0.012,NY
06-06-2024 00:00,1717632003,0.915,0.075,0.012,NY
06-13-2024 00:00,1718236803,0.905,0.075,0.0115,NY
06-20-2024 00:00,1718841604,0.92,0.075,0.0105,NY
06-27-2024 00:00,1719446402,0.92,0.075,0.0105,NY
07-04-2024 00:00,1720051203,0.915,0.085,0.01,NY
07-11-2024 00:00,1720656003,0.905,0.08,0.0095,NY
07-18-2024 00:00,1721260802,0.925,0.075,0.007,NY
07-25-2024 00:00,1721865601,0.935,0.065,0.002,NY
08-01-2024 00:00,1722470402,0.945,0.055,0.0035,NY
08-08-2024 00:00,1723075201,0.965,0.036,0.0035,NY
08-15-2024 00:00,1723680002,0.972,0.025,0.0035,NY
08-22-2024 00:00,1724284802,0.9765,0.022,0.003,NY
08-29-2024 00:00,1724889602,0.9755,0.023,0.0035,NY
09-05-2024 00:00,1725494402,0.9755,0.0205,0.0015,NY
09-12-2024 00:00,1726099202,0.972,0.0255,0.0025,NY
09-19-2024 00:00,1726704001,0.972,0.0235,0.0025,NY
09-26-2024 00:00,1727308802,0.9705,0.0295,0.0015,NY
10-03-2024 00:00,1727913602,0.971,0.0275,0.0015,NY
10-10-2024 00:00,1728518402,0.964,0.0345,0.002,NY
10-17-2024 00:00,1729123202,0.9665,0.035,0.002,NY
10-24-2024 00:00,1729728003,0.968,0.0305,0.0015,NY
10-31-2024 00:00,1730332803,0.9635,0.0335,0.0005,NY
11-04-2024 06:15,1730700903,0.9775,0.0235,0.0005,NY
03-21-2024 00:00,1710979203,0.845,0.155,0.003,MN
03-28-2024 00:00,1711584003,0.845,0.155,0.0055,MN
04-04-2024 00:00,1712188803,0.845,0.155,0.006,MN
04-11-2024 00:00,1712793603,0.835,0.145,0.01,MN
04-18-2024 00:00,1713398403,0.835,0.145,0.0105,MN
04-25-2024 00:00,1714003203,0.835,0.145,0.011,MN
05-02-2024 00:00,1714608003,0.835,0.145,0.011,MN
05-09-2024 00:00,1715212803,0.835,0.145,0.011,MN
05-16-2024 00:00,1715817604,0.825,0.175,0.0095,MN
05-23-2024 00:00,1716422403,0.825,0.175,0.0095,MN
05-30-2024 00:00,1717027203,0.795,0.205,0.01,MN
06-06-2024 00:00,1717632003,0.765,0.22,0.01,MN
06-13-2024 00:00,1718236803,0.77,0.22,0.01,MN
06-20-2024 00:00,1718841604,0.77,0.22,0.0115,MN
06-27-2024 00:00,1719446402,0.755,0.25,0.009,MN
07-04-2024 00:00,1720051203,0.76,0.225,0.0085,MN
07-11-2024 00:00,1720656003,0.665,0.33,0.008,MN
07-18-2024 00:00,1721260802,0.585,0.415,0.0075,MN
07-25-2024 00:00,1721865601,0.74,0.275,0.006,MN
08-01-2024 00:00,1722470402,0.835,0.165,0.006,MN
08-08-2024 00:00,1723075201,0.935,0.065,0.0045,MN
08-15-2024 00:00,1723680002,0.93,0.065,0.0045,MN
08-22-2024 00:00,1724284802,0.935,0.06,0.0025,MN
08-29-2024 00:00,1724889602,0.925,0.075,0.0015,MN
09-05-2024 00:00,1725494402,0.925,0.075,0.0015,MN
09-12-2024 00:00,1726099202,0.925,0.075,0.0015,MN
09-19-2024 00:00,1726704001,0.935,0.065,0.0015,MN
09-26-2024 00:00,1727308802,0.925,0.075,0.0025,MN
10-03-2024 00:00,1727913602,0.925,0.075,0.0025,MN
10-10-2024 00:00,1728518402,0.905,0.095,0.0015,MN
10-17-2024 00:00,1729123202,0.895,0.105,0.002,MN
10-24-2024 00:00,1729728003,0.885,0.12,0.002,MN
10-31-2024 00:00,1730332803,0.86,0.145,0.0015,MN
11-04-2024 05:33,1730698382,0.915,0.09,0.0015,MN
04-04-2024 00:00,1712188803,0.095,0.905,0.0065,AK
04-11-2024 00:00,1712793603,0.085,0.905,0.015,AK
04-18-2024 00:00,1713398403,0.075,0.905,0.0115,AK
04-25-2024 00:00,1714003203,0.075,0.905,0.0225,AK
05-02-2024 00:00,1714608003,0.075,0.905,0.023,AK
05-09-2024 00:00,1715212803,0.065,0.905,0.0225,AK
05-16-2024 00:00,1715817604,0.055,0.915,0.0225,AK
05-23-2024 00:00,1716422403,0.055,0.915,0.0405,AK
05-30-2024 00:00,1717027203,0.055,0.915,0.037,AK
06-06-2024 00:00,1717632003,0.045,0.925,0.037,AK
06-13-2024 00:00,1718236803,0.045,0.925,0.037,AK
06-20-2024 00:00,1718841604,0.045,0.92,0.0365,AK
06-27-2024 00:00,1719446402,0.0845,0.905,0.028,AK
07-04-2024 00:00,1720051203,0.0635,0.925,0.025,AK
07-11-2024 00:00,1720656003,0.071,0.915,0.0245,AK
07-18-2024 00:00,1721260802,0.057,0.93,0.014,AK
07-25-2024 00:00,1721865601,0.0695,0.925,0.014,AK
08-01-2024 00:00,1722470402,0.0695,0.92,0.0055,AK
08-08-2024 00:00,1723075201,0.074,0.92,0.0045,AK
08-15-2024 00:00,1723680002,0.076,0.915,0.0125,AK
08-22-2024 00:00,1724284802,0.0945,0.905,0.005,AK
08-29-2024 00:00,1724889602,0.098,0.905,0.0035,AK
09-05-2024 00:00,1725494402,0.0905,0.905,0.002,AK
09-12-2024 00:00,1726099202,0.0855,0.915,0.002,AK
09-19-2024 00:00,1726704001,0.0995,0.9,0.0015,AK
09-26-2024 00:00,1727308802,0.0985,0.9,0.0025,AK
10-03-2024 00:00,1727913602,0.103,0.89,0.002,AK
10-10-2024 00:00,1728518402,0.082,0.915,0.002,AK
10-17-2024 00:00,1729123202,0.0775,0.91,0.002,AK
10-24-2024 00:00,1729728003,0.0645,0.935,0.002,AK
10-31-2024 00:00,1730332803,0.0525,0.955,0.0025,AK
11-04-2024 05:17,1730697422,0.0665,0.9235,0.0015,AK
04-04-2024 00:00,1712188803,0.085,0.915,0.008,ND
04-11-2024 00:00,1712793603,0.065,0.905,0.0105,ND
04-18-2024 00:00,1713398403,0.065,0.905,0.01,ND
04-25-2024 00:00,1714003203,0.055,0.905,0.0105,ND
05-02-2024 00:00,1714608003,0.055,0.9,0.0105,ND
05-09-2024 00:00,1715212803,0.055,0.925,0.0105,ND
05-16-2024 00:00,1715817604,0.055,0.925,0.0105,ND
05-23-2024 00:00,1716422403,0.055,0.925,0.01,ND
05-30-2024 00:00,1717027203,0.055,0.925,0.01,ND
06-06-2024 00:00,1717632003,0.055,0.925,0.01,ND
06-13-2024 00:00,1718236803,0.055,0.92,0.01,ND
06-20-2024 00:00,1718841604,0.05,0.92,0.0105,ND
06-27-2024 00:00,1719446402,0.045,0.925,0.0105,ND
07-04-2024 00:00,1720051203,0.035,0.945,0.0105,ND
07-11-2024 00:00,1720656003,0.0355,0.945,0.0105,ND
07-18-2024 00:00,1721260802,0.0355,0.955,0.0105,ND
07-25-2024 00:00,1721865601,0.036,0.955,0.0105,ND
08-01-2024 00:00,1722470402,0.036,0.955,0.011,ND
08-08-2024 00:00,1723075201,0.0315,0.966,0.0065,ND
08-15-2024 00:00,1723680002,0.0215,0.9725,0.0055,ND
08-22-2024 00:00,1724284802,0.0155,0.9775,0.006,ND
08-29-2024 00:00,1724889602,0.017,0.9805,0.0025,ND
09-05-2024 00:00,1725494402,0.015,0.9805,0.002,ND
09-12-2024 00:00,1726099202,0.015,0.979,0.002,ND
09-19-2024 00:00,1726704001,0.0145,0.979,0.0035,ND
09-26-2024 00:00,1727308802,0.0135,0.9815,0.0035,ND
10-03-2024 00:00,1727913602,0.0125,0.9825,0.0035,ND
10-10-2024 00:00,1728518402,0.011,0.984,0.0025,ND
10-17-2024 00:00,1729123202,0.008,0.9775,0.002,ND
10-24-2024 00:00,1729728003,0.0075,0.977,0.0015,ND
10-31-2024 00:00,1730332803,0.0085,0.979,0.0025,ND
11-04-2024 05:38,1730698682,0.014,0.979,0.0025,ND
04-04-2024 00:00,1712188803,0.915,0.085,0.0085,VT
04-11-2024 00:00,1712793603,0.905,0.075,0.0115,VT
04-18-2024 00:00,1713398403,0.905,0.075,0.0115,VT
04-25-2024 00:00,1714003203,0.905,0.075,0.0115,VT
05-02-2024 00:00,1714608003,0.905,0.065,0.0115,VT
05-09-2024 00:00,1715212803,0.915,0.065,0.011,VT
05-16-2024 00:00,1715817604,0.915,0.065,0.0115,VT
05-23-2024 00:00,1716422403,0.915,0.06,0.0105,VT
05-30-2024 00:00,1717027203,0.915,0.06,0.01,VT
06-06-2024 00:00,1717632003,0.915,0.055,0.01,VT
06-13-2024 00:00,1718236803,0.915,0.055,0.01,VT
06-20-2024 00:00,1718841604,0.915,0.055,0.01,VT
06-27-2024 00:00,1719446402,0.925,0.055,0.01,VT
07-04-2024 00:00,1720051203,0.945,0.025,0.0095,VT
07-11-2024 00:00,1720656003,0.95,0.034,0.009,VT
07-18-2024 00:00,1721260802,0.94,0.0585,0.008,VT
07-25-2024 00:00,1721865601,0.94,0.0615,0.0055,VT
08-01-2024 00:00,1722470402,0.94,0.055,0.007,VT
08-08-2024 00:00,1723075201,0.96,0.028,0.0085,VT
08-15-2024 00:00,1723680002,0.9635,0.0305,0.0065,VT
08-22-2024 00:00,1724284802,0.9715,0.0265,0.005,VT
08-29-2024 00:00,1724889602,0.973,0.026,0.003,VT
09-05-2024 00:00,1725494402,0.9735,0.0215,0.0025,VT
09-12-2024 00:00,1726099202,0.974,0.023,0.005,VT
09-19-2024 00:00,1726704001,0.974,0.0215,0.004,VT
09-26-2024 00:00,1727308802,0.977,0.0175,0.004,VT
10-03-2024 00:00,1727913602,0.979,0.0145,0.0025,VT
10-10-2024 00:00,1728518402,0.983,0.012,0.0015,VT
10-17-2024 00:00,1729123202,0.9825,0.0125,0.0025,VT
10-24-2024 00:00,1729728003,0.987,0.0145,0.002,VT
10-31-2024 00:00,1730332803,0.982,0.016,0.0035,VT
11-04-2024 06:36,1730702162,0.986,0.0135,0.0015,VT
04-04-2024 00:00,1712188803,0.095,0.905,0.011,OH
04-11-2024 00:00,1712793603,0.085,0.895,0.0105,OH
04-18-2024 00:00,1713398403,0.085,0.885,0.0125,OH
04-25-2024 00:00,1714003203,0.085,0.885,0.0195,OH
05-02-2024 00:00,1714608003,0.085,0.885,0.0195,OH
05-09-2024 00:00,1715212803,0.075,0.885,0.019,OH
05-16-2024 00:00,1715817604,0.075,0.885,0.021,OH
05-23-2024 00:00,1716422403,0.075,0.895,0.0345,OH
05-30-2024 00:00,1717027203,0.075,0.885,0.0355,OH
06-06-2024 00:00,1717632003,0.065,0.895,0.035,OH
06-13-2024 00:00,1718236803,0.07,0.895,0.0365,OH
06-20-2024 00:00,1718841604,0.07,0.895,0.036,OH
06-27-2024 00:00,1719446402,0.07,0.895,0.0405,OH
07-04-2024 00:00,1720051203,0.06,0.905,0.0405,OH
07-11-2024 00:00,1720656003,0.055,0.905,0.041,OH
07-18-2024 00:00,1721260802,0.05,0.94,0.017,OH
07-25-2024 00:00,1721865601,0.055,0.935,0.019,OH
08-01-2024 00:00,1722470402,0.055,0.94,0.0185,OH
08-08-2024 00:00,1723075201,0.065,0.935,0.008,OH
08-15-2024 00:00,1723680002,0.125,0.865,0.0025,OH
08-22-2024 00:00,1724284802,0.125,0.875,0.0025,OH
08-29-2024 00:00,1724889602,0.09,0.895,0.0015,OH
09-05-2024 00:00,1725494402,0.075,0.915,0.0015,OH
09-12-2024 00:00,1726099202,0.085,0.91,0.002,OH
09-19-2024 00:00,1726704001,0.085,0.915,0.002,OH
09-26-2024 00:00,1727308802,0.075,0.925,0.002,OH
10-03-2024 00:00,1727913602,0.075,0.925,0.002,OH
10-10-2024 00:00,1728518402,0.075,0.915,0.002,OH
10-17-2024 00:00,1729123202,0.065,0.92,0.002,OH
10-24-2024 00:00,1729728003,0.06,0.935,0.0025,OH
10-31-2024 00:00,1730332803,0.05,0.945,0.0025,OH
11-04-2024 06:17,1730701022,0.095,0.895,0.004,OH
03-14-2024 00:00,1710374403,0.415,0.585,0.0055,GA
03-21-2024 00:00,1710979203,0.415,0.585,0.0055,GA
03-28-2024 00:00,1711584003,0.415,0.585,0.006,GA
04-04-2024 00:00,1712188803,0.415,0.585,0.0055,GA
04-11-2024 00:00,1712793603,0.39,0.575,0.008,GA
04-18-2024 00:00,1713398403,0.405,0.575,0.0125,GA
04-25-2024 00:00,1714003203,0.405,0.575,0.0135,GA
05-02-2024 00:00,1714608003,0.405,0.575,0.0135,GA
05-09-2024 00:00,1715212803,0.405,0.575,0.0105,GA
05-16-2024 00:00,1715817604,0.355,0.63,0.0105,GA
05-23-2024 00:00,1716422403,0.345,0.635,0.0105,GA
05-30-2024 00:00,1717027203,0.355,0.635,0.0105,GA
06-06-2024 00:00,1717632003,0.355,0.635,0.0105,GA
06-13-2024 00:00,1718236803,0.345,0.645,0.011,GA
06-20-2024 00:00,1718841604,0.335,0.665,0.01,GA
06-27-2024 00:00,1719446402,0.305,0.82,0.0095,GA
07-04-2024 00:00,1720051203,0.215,0.785,0.0095,GA
07-11-2024 00:00,1720656003,0.23,0.76,0.007,GA
07-18-2024 00:00,1721260802,0.235,0.765,0.0065,GA
07-25-2024 00:00,1721865601,0.39,0.62,0.006,GA
08-01-2024 00:00,1722470402,0.355,0.64,0.0025,GA
08-08-2024 00:00,1723075201,0.435,0.565,0.0025,GA
08-15-2024 00:00,1723680002,0.465,0.535,0.0025,GA
08-22-2024 00:00,1724284802,0.385,0.615,0.0035,GA
08-29-2024 00:00,1724889602,0.385,0.605,0.0025,GA
09-05-2024 00:00,1725494402,0.425,0.575,0.0015,GA
09-12-2024 00:00,1726099202,0.415,0.585,0.0015,GA
09-19-2024 00:00,1726704001,0.415,0.575,0.002,GA
09-26-2024 00:00,1727308802,0.385,0.615,0.002,GA
10-03-2024 00:00,1727913602,0.385,0.615,0.0025,GA
10-10-2024 00:00,1728518402,0.355,0.645,0.0015,GA
10-17-2024 00:00,1729123202,0.355,0.645,0.0015,GA
10-24-2024 00:00,1729728003,0.285,0.715,0.0015,GA
10-31-2024 00:00,1730332803,0.265,0.735,0.0005,GA
11-04-2024 05:24,1730697842,0.365,0.64,0.0005,GA
03-14-2024 00:00,1710374403,0.445,0.555,0.0055,AZ
03-21-2024 00:00,1710979203,0.445,0.555,0.0065,AZ
03-28-2024 00:00,1711584003,0.445,0.555,0.0065,AZ
04-04-2024 00:00,1712188803,0.445,0.555,0.0075,AZ
04-11-2024 00:00,1712793603,0.485,0.49,0.0085,AZ
04-18-2024 00:00,1713398403,0.475,0.495,0.008,AZ
04-25-2024 00:00,1714003203,0.465,0.495,0.0165,AZ
05-02-2024 00:00,1714608003,0.465,0.495,0.0175,AZ
05-09-2024 00:00,1715212803,0.465,0.495,0.0185,AZ
05-16-2024 00:00,1715817604,0.43,0.56,0.019,AZ
05-23-2024 00:00,1716422403,0.385,0.58,0.015,AZ
05-30-2024 00:00,1717027203,0.385,0.58,0.015,AZ
06-06-2024 00:00,1717632003,0.38,0.585,0.015,AZ
06-13-2024 00:00,1718236803,0.38,0.585,0.013,AZ
06-20-2024 00:00,1718841604,0.38,0.595,0.0145,AZ
06-27-2024 00:00,1719446402,0.375,0.635,0.011,AZ
07-04-2024 00:00,1720051203,0.265,0.735,0.008,AZ
07-11-2024 00:00,1720656003,0.27,0.73,0.0035,AZ
07-18-2024 00:00,1721260802,0.24,0.735,0.006,AZ
07-25-2024 00:00,1721865601,0.4,0.585,0.0045,AZ
08-01-2024 00:00,1722470402,0.355,0.645,0.0025,AZ
08-08-2024 00:00,1723075201,0.405,0.59,0.0025,AZ
08-15-2024 00:00,1723680002,0.495,0.505,0.0035,AZ
08-22-2024 00:00,1724284802,0.46,0.535,0.0035,AZ
08-29-2024 00:00,1724889602,0.455,0.545,0.0015,AZ
09-05-2024 00:00,1725494402,0.4,0.6,0.002,AZ
09-12-2024 00:00,1726099202,0.395,0.595,0.0015,AZ
09-19-2024 00:00,1726704001,0.375,0.62,0.0015,AZ
09-26-2024 00:00,1727308802,0.365,0.625,0.0015,AZ
10-03-2024 00:00,1727913602,0.36,0.635,0.002,AZ
10-05-2024 14:00,1728136802,0.365,0.635,0.0015,AZ
04-04-2024 00:00,1712188803,0.075,0.915,0.0115,TN
04-11-2024 00:00,1712793603,0.075,0.915,0.0115,TN
04-18-2024 00:00,1713398403,0.075,0.905,0.012,TN
04-25-2024 00:00,1714003203,0.075,0.905,0.012,TN
05-02-2024 00:00,1714608003,0.075,0.905,0.012,TN
05-09-2024 00:00,1715212803,0.075,0.915,0.012,TN
05-16-2024 00:00,1715817604,0.07,0.915,0.0115,TN
05-23-2024 00:00,1716422403,0.065,0.91,0.0105,TN
05-30-2024 00:00,1717027203,0.065,0.905,0.0105,TN
06-06-2024 00:00,1717632003,0.065,0.91,0.0105,TN
06-13-2024 00:00,1718236803,0.065,0.91,0.0105,TN
06-20-2024 00:00,1718841604,0.065,0.915,0.0105,TN
06-27-2024 00:00,1719446402,0.065,0.915,0.0105,TN
07-04-2024 00:00,1720051203,0.0345,0.95,0.009,TN
07-11-2024 00:00,1720656003,0.043,0.945,0.009,TN
07-18-2024 00:00,1721260802,0.04,0.955,0.0075,TN
07-25-2024 00:00,1721865601,0.04,0.955,0.007,TN
08-01-2024 00:00,1722470402,0.04,0.955,0.008,TN
08-08-2024 00:00,1723075201,0.0325,0.955,0.005,TN
08-15-2024 00:00,1723680002,0.03,0.9655,0.0085,TN
08-22-2024 00:00,1724284802,0.0295,0.963,0.0075,TN
08-29-2024 00:00,1724889602,0.027,0.965,0.007,TN
09-05-2024 00:00,1725494402,0.0255,0.969,0.007,TN
09-12-2024 00:00,1726099202,0.026,0.968,0.006,TN
09-19-2024 00:00,1726704001,0.026,0.971,0.006,TN
09-26-2024 00:00,1727308802,0.0225,0.975,0.0045,TN
10-03-2024 00:00,1727913602,0.021,0.976,0.004,TN
10-10-2024 00:00,1728518402,0.013,0.9805,0.0025,TN
10-17-2024 00:00,1729123202,0.0065,0.976,0.0035,TN
10-24-2024 00:00,1729728003,0.0045,0.9775,0.0035,TN
10-31-2024 00:00,1730332803,0.0095,0.9845,0.003,TN
11-04-2024 06:20,1730701203,0.0115,0.984,0.003,TN
03-14-2024 00:00,1710374403,0.495,0.505,0.006,WI
03-21-2024 00:00,1710979203,0.495,0.505,0.0065,WI
03-28-2024 00:00,1711584003,0.495,0.505,0.007,WI
04-04-2024 00:00,1712188803,0.495,0.505,0.005,WI
04-11-2024 00:00,1712793603,0.525,0.465,0.0115,WI
04-18-2024 00:00,1713398403,0.515,0.465,0.0115,WI
04-25-2024 00:00,1714003203,0.515,0.465,0.0125,WI
05-02-2024 00:00,1714608003,0.515,0.465,0.0125,WI
05-09-2024 00:00,1715212803,0.545,0.445,0.0125,WI
05-16-2024 00:00,1715817604,0.525,0.445,0.0175,WI
05-23-2024 00:00,1716422403,0.525,0.445,0.021,WI
05-30-2024 00:00,1717027203,0.525,0.445,0.0235,WI
06-06-2024 00:00,1717632003,0.515,0.455,0.0235,WI
06-13-2024 00:00,1718236803,0.505,0.455,0.0235,WI
06-20-2024 00:00,1718841604,0.505,0.465,0.0245,WI
06-27-2024 00:00,1719446402,0.485,0.49,0.021,WI
07-04-2024 00:00,1720051203,0.435,0.555,0.02,WI
07-11-2024 00:00,1720656003,0.435,0.555,0.011,WI
07-18-2024 00:00,1721260802,0.365,0.625,0.01,WI
07-25-2024 00:00,1721865601,0.485,0.505,0.004,WI
08-01-2024 00:00,1722470402,0.455,0.545,0.0025,WI
08-08-2024 00:00,1723075201,0.515,0.49,0.0025,WI
08-15-2024 00:00,1723680002,0.585,0.405,0.0025,WI
08-22-2024 00:00,1724284802,0.555,0.445,0.0035,WI
08-29-2024 00:00,1724889602,0.565,0.435,0.0015,WI
09-05-2024 00:00,1725494402,0.555,0.425,0.002,WI
09-12-2024 00:00,1726099202,0.585,0.405,0.0025,WI
09-19-2024 00:00,1726704001,0.605,0.395,0.002,WI
09-26-2024 00:00,1727308802,0.565,0.435,0.002,WI
10-03-2024 00:00,1727913602,0.575,0.43,0.002,WI
10-10-2024 00:00,1728518402,0.485,0.515,0.0015,WI
10-17-2024 00:00,1729123202,0.455,0.54,0.0015,WI
10-24-2024 00:00,1729728003,0.425,0.58,0.0015,WI
10-31-2024 00:00,1730332803,0.455,0.545,0.0005,WI
11-04-2024 06:27,1730701622,0.585,0.405,0.0005,WI
04-04-2024 00:00,1712188803,0.905,0.095,0.0085,CO
04-11-2024 00:00,1712793603,0.905,0.085,0.011,CO
04-18-2024 00:00,1713398403,0.905,0.08,0.011,CO
04-25-2024 00:00,1714003203,0.905,0.08,0.011,CO
05-02-2024 00:00,1714608003,0.905,0.075,0.0115,CO
05-09-2024 00:00,1715212803,0.905,0.075,0.011,CO
05-16-2024 00:00,1715817604,0.905,0.075,0.011,CO
05-23-2024 00:00,1716422403,0.905,0.075,0.011,CO
05-30-2024 00:00,1717027203,0.905,0.075,0.011,CO
06-06-2024 00:00,1717632003,0.91,0.075,0.011,CO
06-13-2024 00:00,1718236803,0.905,0.075,0.011,CO
06-20-2024 00:00,1718841604,0.905,0.075,0.011,CO
06-27-2024 00:00,1719446402,0.905,0.075,0.011,CO
07-04-2024 00:00,1720051203,0.895,0.105,0.0075,CO
07-11-2024 00:00,1720656003,0.865,0.125,0.0065,CO
07-18-2024 00:00,1721260802,0.865,0.135,0.0045,CO
07-25-2024 00:00,1721865601,0.885,0.11,0.0045,CO
08-01-2024 00:00,1722470402,0.9,0.105,0.0045,CO
08-08-2024 00:00,1723075201,0.95,0.0355,0.0035,CO
08-15-2024 00:00,1723680002,0.95,0.044,0.0035,CO
08-22-2024 00:00,1724284802,0.952,0.047,0.003,CO
08-29-2024 00:00,1724889602,0.9545,0.0475,0.0015,CO
09-05-2024 00:00,1725494402,0.958,0.0415,0.0015,CO
09-12-2024 00:00,1726099202,0.9625,0.0345,0.002,CO
09-19-2024 00:00,1726704001,0.975,0.023,0.002,CO
09-26-2024 00:00,1727308802,0.975,0.0235,0.0015,CO
10-03-2024 00:00,1727913602,0.971,0.026,0.0045,CO
10-10-2024 00:00,1728518402,0.9665,0.0325,0.0015,CO
10-17-2024 00:00,1729123202,0.9405,0.052,0.0015,CO
10-24-2024 00:00,1729728003,0.9455,0.055,0.0025,CO
10-31-2024 00:00,1730332803,0.9585,0.041,0.0035,CO
11-04-2024 05:21,1730697662,0.969,0.025,0.0025,CO
04-04-2024 00:00,1712188803,0.915,0.085,0.006,HI
04-11-2024 00:00,1712793603,0.905,0.075,0.0105,HI
04-18-2024 00:00,1713398403,0.905,0.075,0.0105,HI
04-25-2024 00:00,1714003203,0.905,0.065,0.0265,HI
05-02-2024 00:00,1714608003,0.905,0.065,0.0265,HI
05-09-2024 00:00,1715212803,0.915,0.065,0.026,HI
05-16-2024 00:00,1715817604,0.915,0.06,0.03,HI
05-23-2024 00:00,1716422403,0.915,0.055,0.03,HI
05-30-2024 00:00,1717027203,0.915,0.055,0.0325,HI
06-06-2024 00:00,1717632003,0.915,0.045,0.0325,HI
06-13-2024 00:00,1718236803,0.915,0.045,0.0335,HI
06-20-2024 00:00,1718841604,0.925,0.045,0.0315,HI
06-27-2024 00:00,1719446402,0.925,0.045,0.0315,HI
07-04-2024 00:00,1720051203,0.915,0.0485,0.0335,HI
07-11-2024 00:00,1720656003,0.92,0.0455,0.0325,HI
07-18-2024 00:00,1721260802,0.935,0.052,0.0065,HI
07-25-2024 00:00,1721865601,0.935,0.0575,0.0145,HI
08-01-2024 00:00,1722470402,0.935,0.054,0.017,HI
08-08-2024 00:00,1723075201,0.965,0.039,0.008,HI
08-15-2024 00:00,1723680002,0.969,0.0275,0.0035,HI
08-22-2024 00:00,1724284802,0.973,0.025,0.0025,HI
08-29-2024 00:00,1724889602,0.9725,0.0275,0.002,HI
09-05-2024 00:00,1725494402,0.9735,0.0265,0.0015,HI
09-12-2024 00:00,1726099202,0.9745,0.0215,0.004,HI
09-19-2024 00:00,1726704001,0.974,0.022,0.004,HI
09-26-2024 00:00,1727308802,0.9755,0.0215,0.0045,HI
10-03-2024 00:00,1727913602,0.974,0.018,0.0065,HI
10-10-2024 00:00,1728518402,0.9785,0.0175,0.0045,HI
10-17-2024 00:00,1729123202,0.9725,0.024,0.0065,HI
10-24-2024 00:00,1729728003,0.9735,0.02,0.002,HI
10-31-2024 00:00,1730332803,0.977,0.0225,0.0015,HI
11-04-2024 06:01,1730700062,0.976,0.028,0.0005,HI
04-04-2024 00:00,1712188803,0.915,0.085,0.003,MA
04-11-2024 00:00,1712793603,0.905,0.075,0.01,MA
04-18-2024 00:00,1713398403,0.905,0.075,0.01,MA
04-25-2024 00:00,1714003203,0.905,0.075,0.0105,MA
05-02-2024 00:00,1714608003,0.915,0.075,0.0105,MA
05-09-2024 00:00,1715212803,0.925,0.065,0.01,MA
05-16-2024 00:00,1715817604,0.925,0.065,0.0105,MA
05-23-2024 00:00,1716422403,0.925,0.065,0.0105,MA
05-30-2024 00:00,1717027203,0.925,0.065,0.0105,MA
06-06-2024 00:00,1717632003,0.925,0.065,0.0105,MA
06-13-2024 00:00,1718236803,0.925,0.065,0.011,MA
06-20-2024 00:00,1718841604,0.925,0.065,0.011,MA
06-27-2024 00:00,1719446402,0.925,0.065,0.011,MA
07-04-2024 00:00,1720051203,0.935,0.055,0.011,MA
07-11-2024 00:00,1720656003,0.935,0.055,0.01,MA
07-18-2024 00:00,1721260802,0.935,0.065,0.0085,MA
07-25-2024 00:00,1721865601,0.935,0.065,0.0085,MA
08-01-2024 00:00,1722470402,0.945,0.035,0.0085,MA
08-08-2024 00:00,1723075201,0.958,0.0275,0.006,MA
08-15-2024 00:00,1723680002,0.971,0.024,0.0095,MA
08-22-2024 00:00,1724284802,0.977,0.02,0.0045,MA
08-29-2024 00:00,1724889602,0.9775,0.0175,0.003,MA
09-05-2024 00:00,1725494402,0.9795,0.0185,0.0035,MA
09-12-2024 00:00,1726099202,0.9795,0.017,0.003,MA
09-19-2024 00:00,1726704001,0.9795,0.017,0.0035,MA
09-26-2024 00:00,1727308802,0.9795,0.018,0.003,MA
10-03-2024 00:00,1727913602,0.9815,0.0165,0.0025,MA
10-10-2024 00:00,1728518402,0.985,0.0145,0.0015,MA
10-17-2024 00:00,1729123202,0.99,0.008,0.0035,MA
10-24-2024 00:00,1729728003,0.9885,0.0115,0.0015,MA
10-31-2024 00:00,1730332803,0.983,0.016,0.0025,MA
11-04-2024 05:31,1730698262,0.99,0.011,0.002,MA
04-04-2024 00:00,1712188803,0.905,0.095,0.0045,WA
04-11-2024 00:00,1712793603,0.905,0.075,0.0085,WA
04-18-2024 00:00,1713398403,0.905,0.075,0.009,WA
04-25-2024 00:00,1714003203,0.905,0.075,0.009,WA
05-02-2024 00:00,1714608003,0.905,0.075,0.0095,WA
05-09-2024 00:00,1715212803,0.925,0.065,0.0095,WA
05-16-2024 00:00,1715817604,0.925,0.065,0.0095,WA
05-23-2024 00:00,1716422403,0.925,0.065,0.0095,WA
05-30-2024 00:00,1717027203,0.925,0.065,0.0095,WA
06-06-2024 00:00,1717632003,0.925,0.065,0.0095,WA
06-13-2024 00:00,1718236803,0.925,0.065,0.0085,WA
06-20-2024 00:00,1718841604,0.925,0.065,0.008,WA
06-27-2024 00:00,1719446402,0.925,0.055,0.008,WA
07-04-2024 00:00,1720051203,0.967,0.0355,0.0055,WA
07-11-2024 00:00,1720656003,0.9625,0.0375,0.0045,WA
07-18-2024 00:00,1721260802,0.9435,0.057,0.0025,WA
07-25-2024 00:00,1721865601,0.934,0.041,0.0055,WA
08-01-2024 00:00,1722470402,0.937,0.045,0.0065,WA
08-08-2024 00:00,1723075201,0.9575,0.0305,0.0045,WA
08-15-2024 00:00,1723680002,0.968,0.0315,0.0045,WA
08-22-2024 00:00,1724284802,0.964,0.032,0.0035,WA
08-29-2024 00:00,1724889602,0.9645,0.0265,0.0015,WA
09-05-2024 00:00,1725494402,0.965,0.026,0.0015,WA
09-12-2024 00:00,1726099202,0.9615,0.026,0.002,WA
09-19-2024 00:00,1726704001,0.9645,0.018,0.0045,WA
09-26-2024 00:00,1727308802,0.9725,0.0175,0.0045,WA
10-03-2024 00:00,1727913602,0.9725,0.0155,0.005,WA
10-10-2024 00:00,1728518402,0.9805,0.0075,0.0045,WA
10-17-2024 00:00,1729123202,0.978,0.012,0.0045,WA
10-24-2024 00:00,1729728003,0.985,0.0145,0.004,WA
10-31-2024 00:00,1730332803,0.9805,0.0175,0.0025,WA
11-04-2024 06:26,1730701562,0.986,0.013,0.0025,WA
04-04-2024 00:00,1712188803,0.08,0.915,0.0115,AR
04-11-2024 00:00,1712793603,0.075,0.915,0.016,AR
04-18-2024 00:00,1713398403,0.075,0.905,0.0115,AR
04-25-2024 00:00,1714003203,0.075,0.905,0.0115,AR
05-02-2024 00:00,1714608003,0.075,0.905,0.0115,AR
05-09-2024 00:00,1715212803,0.065,0.915,0.0115,AR
05-16-2024 00:00,1715817604,0.065,0.915,0.011,AR
05-23-2024 00:00,1716422403,0.065,0.915,0.0105,AR
05-30-2024 00:00,1717027203,0.065,0.915,0.0105,AR
06-06-2024 00:00,1717632003,0.065,0.925,0.0105,AR
06-13-2024 00:00,1718236803,0.065,0.925,0.0105,AR
06-20-2024 00:00,1718841604,0.065,0.925,0.0105,AR
06-27-2024 00:00,1719446402,0.065,0.925,0.0105,AR
07-04-2024 00:00,1720051203,0.045,0.945,0.008,AR
07-11-2024 00:00,1720656003,0.045,0.955,0.008,AR
07-18-2024 00:00,1721260802,0.045,0.955,0.008,AR
07-25-2024 00:00,1721865601,0.045,0.945,0.008,AR
08-01-2024 00:00,1722470402,0.0395,0.95,0.008,AR
08-08-2024 00:00,1723075201,0.035,0.9585,0.0065,AR
08-15-2024 00:00,1723680002,0.0285,0.9645,0.007,AR
08-22-2024 00:00,1724284802,0.028,0.963,0.004,AR
08-29-2024 00:00,1724889602,0.0225,0.976,0.0035,AR
09-05-2024 00:00,1725494402,0.0215,0.9775,0.0025,AR
09-12-2024 00:00,1726099202,0.0215,0.9775,0.003,AR
09-19-2024 00:00,1726704001,0.022,0.977,0.003,AR
09-26-2024 00:00,1727308802,0.021,0.977,0.0035,AR
10-03-2024 00:00,1727913602,0.0105,0.985,0.0035,AR
10-10-2024 00:00,1728518402,0.0055,0.9845,0.003,AR
10-17-2024 00:00,1729123202,0.0055,0.9795,0.0025,AR
10-24-2024 00:00,1729728003,0.0055,0.987,0.0035,AR
10-31-2024 00:00,1730332803,0.005,0.987,0.0035,AR
11-04-2024 05:56,1730699762,0.0035,0.996,0.0015,AR
04-04-2024 00:00,1712188803,0.085,0.915,0.007,UT
04-11-2024 00:00,1712793603,0.075,0.905,0.011,UT
04-18-2024 00:00,1713398403,0.075,0.905,0.011,UT
04-25-2024 00:00,1714003203,0.075,0.905,0.0115,UT
05-02-2024 00:00,1714608003,0.075,0.905,0.0115,UT
05-09-2024 00:00,1715212803,0.065,0.905,0.012,UT
05-16-2024 00:00,1715817604,0.065,0.905,0.012,UT
05-23-2024 00:00,1716422403,0.055,0.94,0.0115,UT
05-30-2024 00:00,1717027203,0.055,0.945,0.012,UT
06-06-2024 00:00,1717632003,0.045,0.955,0.0115,UT
06-13-2024 00:00,1718236803,0.045,0.955,0.011,UT
06-20-2024 00:00,1718841604,0.045,0.955,0.011,UT
06-27-2024 00:00,1719446402,0.045,0.95,0.011,UT
07-04-2024 00:00,1720051203,0.035,0.95,0.0085,UT
07-11-2024 00:00,1720656003,0.038,0.95,0.01,UT
07-18-2024 00:00,1721260802,0.043,0.935,0.012,UT
07-25-2024 00:00,1721865601,0.0435,0.935,0.011,UT
08-01-2024 00:00,1722470402,0.0465,0.935,0.014,UT
08-08-2024 00:00,1723075201,0.043,0.965,0.009,UT
08-15-2024 00:00,1723680002,0.034,0.9605,0.0055,UT
08-22-2024 00:00,1724284802,0.0335,0.9585,0.0125,UT
08-29-2024 00:00,1724889602,0.0245,0.963,0.009,UT
09-05-2024 00:00,1725494402,0.0235,0.9675,0.0085,UT
09-12-2024 00:00,1726099202,0.0225,0.9715,0.008,UT
09-19-2024 00:00,1726704001,0.022,0.9745,0.0065,UT
09-26-2024 00:00,1727308802,0.022,0.9735,0.006,UT
10-03-2024 00:00,1727913602,0.0175,0.974,0.0045,UT
10-10-2024 00:00,1728518402,0.013,0.979,0.0065,UT
10-17-2024 00:00,1729123202,0.0105,0.971,0.0035,UT
10-24-2024 00:00,1729728003,0.008,0.9765,0.0075,UT
10-31-2024 00:00,1730332803,0.008,0.9795,0.007,UT
11-04-2024 06:22,1730701322,0.0045,0.9815,0.0095,UT
03-14-2024 00:00,1710374403,0.295,0.705,0.006,NC
03-21-2024 00:00,1710979203,0.295,0.705,0.0065,NC
03-28-2024 00:00,1711584003,0.295,0.705,0.0065,NC
04-04-2024 00:00,1712188803,0.295,0.705,0.006,NC
04-11-2024 00:00,1712793603,0.275,0.695,0.0095,NC
04-18-2024 00:00,1713398403,0.275,0.695,0.0095,NC
04-25-2024 00:00,1714003203,0.275,0.695,0.01,NC
05-02-2024 00:00,1714608003,0.275,0.71,0.0105,NC
05-09-2024 00:00,1715212803,0.275,0.705,0.01,NC
05-16-2024 00:00,1715817604,0.235,0.75,0.01,NC
05-23-2024 00:00,1716422403,0.235,0.755,0.01,NC
05-30-2024 00:00,1717027203,0.235,0.745,0.01,NC
06-06-2024 00:00,1717632003,0.225,0.775,0.01,NC
06-13-2024 00:00,1718236803,0.22,0.775,0.01,NC
06-20-2024 00:00,1718841604,0.22,0.775,0.0105,NC
06-27-2024 00:00,1719446402,0.17,0.81,0.01,NC
07-04-2024 00:00,1720051203,0.175,0.815,0.0095,NC
07-11-2024 00:00,1720656003,0.215,0.775,0.008,NC
07-18-2024 00:00,1721260802,0.18,0.805,0.0065,NC
07-25-2024 00:00,1721865601,0.31,0.695,0.0045,NC
08-01-2024 00:00,1722470402,0.29,0.715,0.004,NC
08-08-2024 00:00,1723075201,0.32,0.68,0.0035,NC
08-15-2024 00:00,1723680002,0.385,0.615,0.0055,NC
08-22-2024 00:00,1724284802,0.365,0.625,0.0035,NC
08-29-2024 00:00,1724889602,0.395,0.605,0.0015,NC
09-05-2024 00:00,1725494402,0.395,0.605,0.0015,NC
09-12-2024 00:00,1726099202,0.435,0.555,0.0015,NC
09-19-2024 00:00,1726704001,0.43,0.575,0.0015,NC
09-26-2024 00:00,1727308802,0.435,0.565,0.0015,NC
10-03-2024 00:00,1727913602,0.425,0.575,0.0015,NC
10-10-2024 00:00,1728518402,0.395,0.605,0.002,NC
10-17-2024 00:00,1729123202,0.365,0.63,0.002,NC
10-24-2024 00:00,1729728003,0.3,0.7,0.0015,NC
10-31-2024 00:00,1730332803,0.27,0.73,0.0005,NC
11-04-2024 05:36,1730698562,0.36,0.645,0.0005,NC
04-04-2024 00:00,1712188803,0.915,0.085,0.008,MD
04-11-2024 00:00,1712793603,0.905,0.075,0.009,MD
04-18-2024 00:00,1713398403,0.905,0.075,0.0095,MD
04-25-2024 00:00,1714003203,0.905,0.075,0.02,MD
05-02-2024 00:00,1714608003,0.915,0.065,0.02,MD
05-09-2024 00:00,1715212803,0.925,0.065,0.0195,MD
05-16-2024 00:00,1715817604,0.925,0.065,0.02,MD
05-23-2024 00:00,1716422403,0.925,0.065,0.02,MD
05-30-2024 00:00,1717027203,0.925,0.065,0.02,MD
06-06-2024 00:00,1717632003,0.925,0.065,0.0145,MD
06-13-2024 00:00,1718236803,0.925,0.055,0.0145,MD
06-20-2024 00:00,1718841604,0.925,0.055,0.0155,MD
06-27-2024 00:00,1719446402,0.925,0.055,0.0155,MD
07-04-2024 00:00,1720051203,0.974,0.0245,0.0085,MD
07-11-2024 00:00,1720656003,0.975,0.025,0.0075,MD
07-18-2024 00:00,1721260802,0.9515,0.052,0.0025,MD
07-25-2024 00:00,1721865601,0.942,0.057,0.0015,MD
08-01-2024 00:00,1722470402,0.938,0.0555,0.0025,MD
08-08-2024 00:00,1723075201,0.969,0.0275,0.0025,MD
08-15-2024 00:00,1723680002,0.969,0.029,0.0025,MD
08-22-2024 00:00,1724284802,0.9725,0.0255,0.0035,MD
08-29-2024 00:00,1724889602,0.978,0.0205,0.002,MD
09-05-2024 00:00,1725494402,0.9795,0.019,0.002,MD
09-12-2024 00:00,1726099202,0.98,0.0185,0.003,MD
09-19-2024 00:00,1726704001,0.977,0.016,0.0035,MD
09-26-2024 00:00,1727308802,0.978,0.0145,0.004,MD
10-03-2024 00:00,1727913602,0.9795,0.0115,0.003,MD
10-10-2024 00:00,1728518402,0.9805,0.008,0.004,MD
10-17-2024 00:00,1729123202,0.9795,0.0045,0.003,MD
10-24-2024 00:00,1729728003,0.987,0.0105,0.0015,MD
10-31-2024 00:00,1730332803,0.9775,0.019,0.0025,MD
11-04-2024 06:06,1730700362,0.988,0.0115,0.0015,MD
03-21-2024 00:00,1710979203,0.11,0.89,0.005,TX
03-28-2024 00:00,1711584003,0.115,0.895,0.0055,TX
04-04-2024 00:00,1712188803,0.105,0.885,0.008,TX
04-11-2024 00:00,1712793603,0.115,0.875,0.011,TX
04-18-2024 00:00,1713398403,0.115,0.875,0.0115,TX
04-25-2024 00:00,1714003203,0.115,0.875,0.0115,TX
05-02-2024 00:00,1714608003,0.115,0.875,0.0115,TX
05-09-2024 00:00,1715212803,0.105,0.895,0.01,TX
05-16-2024 00:00,1715817604,0.105,0.895,0.01,TX
05-23-2024 00:00,1716422403,0.105,0.895,0.01,TX
05-30-2024 00:00,1717027203,0.105,0.885,0.011,TX
06-06-2024 00:00,1717632003,0.105,0.89,0.0105,TX
06-13-2024 00:00,1718236803,0.105,0.895,0.0105,TX
06-20-2024 00:00,1718841604,0.105,0.89,0.0125,TX
06-27-2024 00:00,1719446402,0.105,0.895,0.0105,TX
07-04-2024 00:00,1720051203,0.105,0.895,0.01,TX
07-11-2024 00:00,1720656003,0.095,0.905,0.0095,TX
07-18-2024 00:00,1721260802,0.085,0.915,0.0065,TX
07-25-2024 00:00,1721865601,0.085,0.915,0.0025,TX
08-01-2024 00:00,1722470402,0.105,0.895,0.0045,TX
08-08-2024 00:00,1723075201,0.105,0.895,0.0025,TX
08-15-2024 00:00,1723680002,0.12,0.875,0.0025,TX
08-22-2024 00:00,1724284802,0.14,0.865,0.004,TX
08-29-2024 00:00,1724889602,0.155,0.845,0.0015,TX
09-05-2024 00:00,1725494402,0.12,0.88,0.0015,TX
09-12-2024 00:00,1726099202,0.145,0.855,0.0015,TX
09-19-2024 00:00,1726704001,0.125,0.875,0.0015,TX
09-26-2024 00:00,1727308802,0.115,0.88,0.0015,TX
10-03-2024 00:00,1727913602,0.115,0.88,0.0035,TX
10-10-2024 00:00,1728518402,0.105,0.895,0.0015,TX
10-17-2024 00:00,1729123202,0.095,0.905,0.002,TX
10-24-2024 00:00,1729728003,0.065,0.94,0.0015,TX
10-31-2024 00:00,1730332803,0.055,0.945,0.0005,TX
11-04-2024 05:44,1730699042,0.08,0.915,0.0005,TX
04-04-2024 00:00,1712188803,0.075,0.925,0.0085,AL
04-11-2024 00:00,1712793603,0.065,0.915,0.01,AL
04-18-2024 00:00,1713398403,0.065,0.915,0.012,AL
04-25-2024 00:00,1714003203,0.065,0.91,0.0125,AL
05-02-2024 00:00,1714608003,0.065,0.905,0.013,AL
05-09-2024 00:00,1715212803,0.055,0.925,0.0125,AL
05-16-2024 00:00,1715817604,0.055,0.925,0.013,AL
05-23-2024 00:00,1716422403,0.055,0.925,0.0125,AL
05-30-2024 00:00,1717027203,0.055,0.925,0.0125,AL
06-06-2024 00:00,1717632003,0.055,0.925,0.0125,AL
06-13-2024 00:00,1718236803,0.055,0.925,0.0125,AL
06-20-2024 00:00,1718841604,0.055,0.925,0.0125,AL
06-27-2024 00:00,1719446402,0.055,0.925,0.0125,AL
07-04-2024 00:00,1720051203,0.019,0.955,0.0125,AL
07-11-2024 00:00,1720656003,0.02,0.955,0.0125,AL
07-18-2024 00:00,1721260802,0.0205,0.9655,0.0115,AL
07-25-2024 00:00,1721865601,0.025,0.951,0.01,AL
08-01-2024 00:00,1722470402,0.026,0.9555,0.0125,AL
08-08-2024 00:00,1723075201,0.0215,0.9615,0.0075,AL
08-15-2024 00:00,1723680002,0.022,0.9675,0.009,AL
08-22-2024 00:00,1724284802,0.019,0.978,0.005,AL
08-29-2024 00:00,1724889602,0.0185,0.977,0.0045,AL
09-05-2024 00:00,1725494402,0.0185,0.9775,0.0055,AL
09-12-2024 00:00,1726099202,0.017,0.978,0.0045,AL
09-19-2024 00:00,1726704001,0.0175,0.978,0.004,AL
09-26-2024 00:00,1727308802,0.0175,0.978,0.005,AL
10-03-2024 00:00,1727913602,0.0125,0.9785,0.004,AL
10-10-2024 00:00,1728518402,0.01,0.9765,0.004,AL
10-17-2024 00:00,1729123202,0.009,0.972,0.0035,AL
10-24-2024 00:00,1729728003,0.0045,0.9885,0.003,AL
10-31-2024 00:00,1730332803,0.0065,0.987,0.002,AL
11-04-2024 05:16,1730697362,0.005,0.986,0.002,AL
04-04-2024 00:00,1712188803,0.905,0.085,0.0135,RI
04-11-2024 00:00,1712793603,0.905,0.085,0.011,RI
04-18-2024 00:00,1713398403,0.905,0.085,0.011,RI
04-25-2024 00:00,1714003203,0.905,0.085,0.0115,RI
05-02-2024 00:00,1714608003,0.905,0.075,0.011,RI
05-09-2024 00:00,1715212803,0.915,0.075,0.0105,RI
05-16-2024 00:00,1715817604,0.915,0.075,0.011,RI
05-23-2024 00:00,1716422403,0.915,0.075,0.011,RI
05-30-2024 00:00,1717027203,0.915,0.075,0.011,RI
06-06-2024 00:00,1717632003,0.915,0.075,0.011,RI
06-13-2024 00:00,1718236803,0.915,0.075,0.011,RI
06-20-2024 00:00,1718841604,0.915,0.075,0.011,RI
06-27-2024 00:00,1719446402,0.915,0.075,0.011,RI
07-04-2024 00:00,1720051203,0.915,0.075,0.011,RI
07-11-2024 00:00,1720656003,0.91,0.08,0.007,RI
07-18-2024 00:00,1721260802,0.925,0.075,0.006,RI
07-25-2024 00:00,1721865601,0.935,0.065,0.0045,RI
08-01-2024 00:00,1722470402,0.935,0.055,0.0045,RI
08-08-2024 00:00,1723075201,0.945,0.055,0.0055,RI
08-15-2024 00:00,1723680002,0.96,0.0375,0.008,RI
08-22-2024 00:00,1724284802,0.9665,0.0285,0.0095,RI
08-29-2024 00:00,1724889602,0.9675,0.026,0.004,RI
09-05-2024 00:00,1725494402,0.978,0.0215,0.003,RI
09-12-2024 00:00,1726099202,0.977,0.0215,0.003,RI
09-19-2024 00:00,1726704001,0.9745,0.021,0.003,RI
09-26-2024 00:00,1727308802,0.9755,0.0195,0.0025,RI
10-03-2024 00:00,1727913602,0.9785,0.017,0.003,RI
10-10-2024 00:00,1728518402,0.9815,0.011,0.003,RI
10-17-2024 00:00,1729123202,0.744,0.011,0.0025,RI
10-24-2024 00:00,1729728003,0.977,0.0175,0.002,RI
10-31-2024 00:00,1730332803,0.9775,0.0175,0.002,RI
11-04-2024 06:39,1730702342,0.987,0.0125,0.002,RI
03-14-2024 00:00,1710374403,0.505,0.485,0.005,MI
03-21-2024 00:00,1710979203,0.505,0.485,0.0055,MI
03-28-2024 00:00,1711584003,0.505,0.485,0.006,MI
04-04-2024 00:00,1712188803,0.505,0.485,0.006,MI
04-11-2024 00:00,1712793603,0.56,0.425,0.01,MI
04-18-2024 00:00,1713398403,0.56,0.43,0.01,MI
04-25-2024 00:00,1714003203,0.555,0.435,0.011,MI
05-02-2024 00:00,1714608003,0.535,0.435,0.0125,MI
05-09-2024 00:00,1715212803,0.535,0.435,0.011,MI
05-16-2024 00:00,1715817604,0.515,0.47,0.021,MI
05-23-2024 00:00,1716422403,0.515,0.45,0.022,MI
05-30-2024 00:00,1717027203,0.51,0.45,0.0405,MI
06-06-2024 00:00,1717632003,0.515,0.445,0.0405,MI
06-13-2024 00:00,1718236803,0.515,0.445,0.0405,MI
06-20-2024 00:00,1718841604,0.51,0.445,0.046,MI
06-27-2024 00:00,1719446402,0.515,0.45,0.034,MI
07-04-2024 00:00,1720051203,0.42,0.55,0.015,MI
07-11-2024 00:00,1720656003,0.455,0.52,0.017,MI
07-18-2024 00:00,1721260802,0.395,0.595,0.011,MI
07-25-2024 00:00,1721865601,0.495,0.5,0.006,MI
08-01-2024 00:00,1722470402,0.515,0.485,0.0025,MI
08-08-2024 00:00,1723075201,0.61,0.385,0.0025,MI
08-15-2024 00:00,1723680002,0.665,0.335,0.0025,MI
08-22-2024 00:00,1724284802,0.605,0.395,0.0035,MI
08-29-2024 00:00,1724889602,0.615,0.385,0.0025,MI
09-05-2024 00:00,1725494402,0.585,0.41,0.0015,MI
09-12-2024 00:00,1726099202,0.575,0.425,0.0015,MI
09-19-2024 00:00,1726704001,0.595,0.395,0.0015,MI
09-26-2024 00:00,1727308802,0.655,0.335,0.0015,MI
10-03-2024 00:00,1727913602,0.635,0.365,0.0025,MI
10-10-2024 00:00,1728518402,0.495,0.5,0.0015,MI
10-17-2024 00:00,1729123202,0.445,0.555,0.0015,MI
10-24-2024 00:00,1729728003,0.445,0.555,0.0005,MI
10-31-2024 00:00,1730332803,0.51,0.49,0.0005,MI
11-04-2024 06:50,1730703003,0.6,0.395,0.0005,MI
04-04-2024 00:00,1712188803,0.915,0.085,0.0065,CT
04-11-2024 00:00,1712793603,0.915,0.075,0.0115,CT
04-18-2024 00:00,1713398403,0.905,0.075,0.0115,CT
04-25-2024 00:00,1714003203,0.905,0.075,0.012,CT
05-02-2024 00:00,1714608003,0.905,0.075,0.012,CT
05-09-2024 00:00,1715212803,0.915,0.065,0.012,CT
05-16-2024 00:00,1715817604,0.915,0.07,0.0125,CT
05-23-2024 00:00,1716422403,0.915,0.065,0.0125,CT
05-30-2024 00:00,1717027203,0.915,0.07,0.0125,CT
06-06-2024 00:00,1717632003,0.915,0.075,0.0125,CT
06-13-2024 00:00,1718236803,0.915,0.075,0.0125,CT
06-20-2024 00:00,1718841604,0.915,0.075,0.0125,CT
06-27-2024 00:00,1719446402,0.915,0.075,0.0125,CT
07-04-2024 00:00,1720051203,0.925,0.065,0.012,CT
07-11-2024 00:00,1720656003,0.925,0.065,0.0115,CT
07-18-2024 00:00,1721260802,0.925,0.07,0.0105,CT
07-25-2024 00:00,1721865601,0.925,0.075,0.011,CT
08-01-2024 00:00,1722470402,0.925,0.065,0.0125,CT
08-08-2024 00:00,1723075201,0.955,0.045,0.0035,CT
08-15-2024 00:00,1723680002,0.962,0.034,0.0105,CT
08-22-2024 00:00,1724284802,0.9735,0.024,0.0035,CT
08-29-2024 00:00,1724889602,0.975,0.0205,0.0025,CT
09-05-2024 00:00,1725494402,0.977,0.0205,0.002,CT
09-12-2024 00:00,1726099202,0.9765,0.0205,0.0025,CT
09-19-2024 00:00,1726704001,0.977,0.0195,0.0025,CT
09-26-2024 00:00,1727308802,0.976,0.0155,0.0025,CT
10-03-2024 00:00,1727913602,0.9775,0.0145,0.0025,CT
10-10-2024 00:00,1728518402,0.983,0.01,0.002,CT
10-17-2024 00:00,1729123202,0.9815,0.0085,0.002,CT
10-24-2024 00:00,1729728003,0.9805,0.0155,0.002,CT
10-31-2024 00:00,1730332803,0.981,0.0155,0.003,CT
11-04-2024 05:48,1730699282,0.985,0.0145,0.0035,CT
